Step,Susceptible,Exposed,Infected,Recovered,Dead,Asymptomatic,Vaccinated,ActiveCases,NewInfections,Rt,HouseholdInfections,CommunityInfections,HomeInfections,SchoolInfections,WorkInfections,OtherInfections,MaskProtectedContacts,QuarantinedAgents,DetectedInfected,UndetectedInfected,LockdownActive,LockdownStartStep,SchoolClosedActive,MaskComplianceActive,TestingRateActive,QuarantineComplianceActive,WorkClosedActive,SeniorMobilityActive,ChildMobilityActive,VaccinationCampaignActive,NewVaccinations
0,3113,0,18,0,0,0,1869,18,0,0.0,0,0,0,0,0,0,46,0,0,18,0,-1,0,0.15,0.05,0.1,0,0.65,1.0,0,0
1,3113,0,18,0,0,0,1869,18,0,0.0,0,0,0,0,0,0,111,0,0,18,0,-1,0,0.15,0.05,0.1,0,0.65,1.0,0,0
2,3112,1,18,0,0,0,1869,19,1,0.05555555555555555,0,1,0,1,0,0,144,0,0,18,0,-1,0,0.15,0.05,0.1,0,0.65,1.0,0,0
3,3111,2,18,0,0,0,1869,20,1,0.05555555555555555,0,1,0,1,0,0,90,0,0,18,0,-1,0,0.15,0.05,0.1,0,0.65,1.0,0,0
4,3109,4,18,0,0,0,1869,22,2,0.1111111111111111,0,2,0,2,0,0,143,0,0,18,0,-1,0,0.15,0.05,0.1,0,0.65,1.0,0,0
5,3108,5,18,0,0,0,1869,23,1,0.05555555555555555,0,1,0,0,1,0,153,0,0,18,0,-1,0,0.15,0.05,0.1,0,0.65,1.0,0,0
6,3107,6,18,0,0,0,1869,24,1,0.05555555555555555,0,1,0,1,0,0,173,0,0,18,0,-1,0,0.15,0.05,0.1,0,0.65,1.0,0,0
7,3107,6,18,0,0,0,1869,24,0,0.0,0,0,0,0,0,0,123,0,0,18,0,-1,0,0.15,0.05,0.1,0,0.65,1.0,0,0
8,3106,7,18,0,0,0,1869,25,1,0.05555555555555555,0,1,0,1,0,0,145,0,0,18,0,-1,0,0.15,0.05,0.1,0,0.65,1.0,0,0
9,3106,7,18,0,0,0,1869,25,0,0.0,0,0,0,0,0,0,0,0,0,18,0,-1,0,0.15,0.05,0.1,0,0.65,1.0,0,0
10,3106,7,18,0,0,0,1869,25,0,0.0,0,0,0,0,0,0,0,0,0,18,0,-1,0,0.15,0.05,0.1,0,0.65,1.0,0,0
11,3106,7,18,0,0,0,1869,25,0,0.0,0,0,0,0,0,0,0,0,0,18,0,-1,0,0.15,0.05,0.1,0,0.65,1.0,0,0
12,3106,7,18,0,0,0,1869,25,0,0.0,0,0,0,0,0,0,0,0,0,18,0,-1,0,0.15,0.05,0.1,0,0.65,1.0,0,0
13,3106,7,18,0,0,0,1869,25,0,0.0,0,0,0,0,0,0,0,0,0,18,0,-1,0,0.15,0.05,0.1,0,0.65,1.0,0,0
14,3106,7,18,0,0,0,1869,25,0,0.0,0,0,0,0,0,0,0,0,0,18,0,-1,0,0.15,0.05,0.1,0,0.65,1.0,0,0
15,3106,7,18,0,0,0,1869,25,0,0.0,0,0,0,0,0,0,0,0,0,18,0,-1,0,0.15,0.05,0.1,0,0.65,1.0,0,0
16,3106,7,18,0,0,0,1869,25,0,0.0,0,0,0,0,0,0,0,0,0,18,0,-1,0,0.15,0.05,0.1,0,0.65,1.0,0,0
17,3106,7,18,0,0,0,1869,25,0,0.0,0,0,0,0,0,0,0,0,0,18,0,-1,0,0.15,0.05,0.1,0,0.65,1.0,0,0
18,3106,7,18,0,0,0,1869,25,0,0.0,0,0,0,0,0,0,0,0,0,18,0,-1,0,0.15,0.05,0.1,0,0.65,1.0,0,0
19,3105,8,18,0,0,0,1869,26,1,0.05555555555555555,0,1,0,1,0,0,46,0,0,18,0,-1,0,0.15,0.05,0.1,0,0.65,1.0,0,0
20,3105,8,18,0,0,0,1869,26,0,0.0,0,0,0,0,0,0,153,0,0,18,0,-1,0,0.15,0.05,0.1,0,0.65,1.0,0,0
21,3105,8,18,0,0,0,1869,26,0,0.0,0,0,0,0,0,0,84,0,0,18,0,-1,0,0.15,0.05,0.1,0,0.65,1.0,0,0
22,3105,9,18,0,0,0,1868,27,1,0.05555555555555555,0,1,0,1,0,0,131,0,0,18,0,-1,0,0.15,0.05,0.1,0,0.65,1.0,0,0
23,3105,9,18,0,0,0,1868,27,0,0.0,0,0,0,0,0,0,164,0,0,18,0,-1,0,0.15,0.05,0.1,0,0.65,1.0,0,0
24,3105,9,18,0,0,0,1868,27,0,0.0,0,0,0,0,0,0,164,0,0,18,0,-1,0,0.15,0.05,0.1,0,0.65,1.0,0,0
25,3104,10,18,0,0,0,1868,28,1,0.05555555555555555,0,1,1,0,0,0,73,0,0,18,0,-1,0,0.15,0.05,0.1,0,0.65,1.0,0,0
26,3104,10,18,0,0,0,1868,28,0,0.0,0,0,0,0,0,0,152,0,0,18,0,-1,0,0.15,0.05,0.1,0,0.65,1.0,0,0
27,3103,11,18,0,0,0,1868,29,1,0.05555555555555555,0,1,0,1,0,0,104,0,0,18,0,-1,0,0.15,0.05,0.1,0,0.65,1.0,0,0
28,3103,11,18,0,0,0,1868,29,0,0.0,0,0,0,0,0,0,160,0,0,18,0,-1,0,0.15,0.05,0.1,0,0.65,1.0,0,0
29,3103,11,18,0,0,0,1868,29,0,0.0,0,0,0,0,0,0,0,0,0,18,0,-1,0,0.15,0.05,0.1,0,0.65,1.0,0,0
30,3103,11,18,0,0,0,1868,29,0,0.0,0,0,0,0,0,0,0,0,0,18,0,-1,0,0.15,0.05,0.1,0,0.65,1.0,0,0
31,3103,11,18,0,0,0,1868,29,0,0.0,0,0,0,0,0,0,0,0,0,18,0,-1,0,0.15,0.05,0.1,0,0.65,1.0,0,0
32,3103,11,18,0,0,0,1868,29,0,0.0,0,0,0,0,0,0,0,0,0,18,0,-1,0,0.15,0.05,0.1,0,0.65,1.0,0,0
33,3103,11,18,0,0,0,1868,29,0,0.0,0,0,0,0,0,0,0,0,0,18,0,-1,0,0.15,0.05,0.1,0,0.65,1.0,0,0
34,3103,11,18,0,0,0,1868,29,0,0.0,0,0,0,0,0,0,0,0,0,18,0,-1,0,0.15,0.05,0.1,0,0.65,1.0,0,0
35,3103,11,18,0,0,0,1868,29,0,0.0,0,0,0,0,0,0,0,0,0,18,0,-1,0,0.15,0.05,0.1,0,0.65,1.0,0,0
36,3103,11,18,0,0,0,1868,29,0,0.0,0,0,0,0,0,0,0,0,0,18,0,-1,0,0.15,0.05,0.1,0,0.65,1.0,0,0
37,3103,11,18,0,0,0,1868,29,0,0.0,0,0,0,0,0,0,0,0,0,18,0,-1,0,0.15,0.05,0.1,0,0.65,1.0,0,0
38,3103,12,18,0,0,0,1867,30,1,0.05555555555555555,0,1,1,0,0,0,0,0,0,18,0,-1,0,0.15,0.05,0.1,0,0.65,1.0,0,0
39,3103,13,18,0,0,0,1866,31,1,0.05555555555555555,0,1,0,1,0,0,100,0,0,18,0,-1,0,0.15,0.05,0.1,0,0.65,1.0,0,0
40,3102,14,18,0,0,0,1866,32,1,0.05555555555555555,0,1,0,1,0,0,171,0,0,18,0,-1,0,0.15,0.05,0.1,0,0.65,1.0,0,0
41,3100,15,19,0,0,0,1866,34,2,0.10526315789473684,0,2,1,1,0,0,86,0,0,19,0,-1,0,0.15,0.05,0.1,0,0.65,1.0,0,0
42,3099,16,19,0,0,0,1866,35,1,0.05263157894736842,0,1,0,1,0,0,130,0,0,19,0,-1,0,0.15,0.05,0.1,0,0.65,1.0,0,0
43,3098,14,20,0,0,2,1866,36,1,0.045454545454545456,0,1,0,0,1,0,172,0,0,20,0,-1,0,0.15,0.05,0.1,0,0.65,1.0,0,0
44,3096,16,20,0,0,2,1866,38,2,0.09090909090909091,0,2,0,2,0,0,270,0,0,20,0,-1,0,0.15,0.05,0.1,0,0.65,1.0,0,0
45,3095,16,21,0,0,2,1866,39,1,0.043478260869565216,0,1,0,1,0,0,249,0,0,21,0,-1,0,0.15,0.05,0.1,0,0.65,1.0,0,0
46,3095,15,22,0,0,2,1866,39,0,0.0,0,0,0,0,0,0,210,0,0,22,0,-1,0,0.15,0.05,0.1,0,0.65,1.0,0,0
47,3095,15,22,0,0,2,1866,39,0,0.0,0,0,0,0,0,0,291,0,0,22,0,-1,0,0.15,0.05,0.1,0,0.65,1.0,0,0
48,3095,14,23,0,0,2,1866,39,0,0.0,0,0,0,0,0,0,295,0,0,23,0,-1,0,0.15,0.05,0.1,0,0.65,1.0,0,0
49,3095,14,23,0,0,2,1866,39,0,0.0,0,0,0,0,0,0,0,0,0,23,0,-1,0,0.15,0.05,0.1,0,0.65,1.0,0,0
50,3095,14,23,0,0,2,1866,39,0,0.0,0,0,0,0,0,0,0,0,0,23,0,-1,0,0.15,0.05,0.1,0,0.65,1.0,0,0
51,3095,14,23,0,0,2,1866,39,0,0.0,0,0,0,0,0,0,0,0,0,23,0,-1,0,0.15,0.05,0.1,0,0.65,1.0,0,0
52,3095,14,23,0,0,2,1866,39,0,0.0,0,0,0,0,0,0,0,0,0,23,0,-1,0,0.15,0.05,0.1,0,0.65,1.0,0,0
53,3095,15,23,0,0,2,1865,40,1,0.04,0,1,1,0,0,0,0,0,0,23,0,-1,0,0.15,0.05,0.1,0,0.65,1.0,0,0
54,3095,15,23,0,0,2,1865,40,0,0.0,0,0,0,0,0,0,0,0,0,23,0,-1,0,0.15,0.05,0.1,0,0.65,1.0,0,0
55,3095,15,23,0,0,2,1865,40,0,0.0,0,0,0,0,0,0,0,0,0,23,0,-1,0,0.15,0.05,0.1,0,0.65,1.0,0,0
56,3095,16,23,0,0,2,1864,41,1,0.04,1,0,1,0,0,0,0,0,0,23,0,-1,0,0.15,0.05,0.1,0,0.65,1.0,0,0
57,3095,16,23,0,0,2,1864,41,0,0.0,0,0,0,0,0,0,0,0,0,23,0,-1,0,0.15,0.05,0.1,0,0.65,1.0,0,0
58,3094,16,24,0,0,2,1864,42,1,0.038461538461538464,0,1,1,0,0,0,0,0,1,23,0,-1,0,0.15,0.05,0.1,0,0.65,1.0,0,0
59,3093,17,24,0,0,2,1864,43,1,0.038461538461538464,0,1,0,0,1,0,223,0,1,23,0,-1,0,0.15,0.05,0.1,0,0.65,1.0,0,0
60,3091,19,24,0,0,2,1864,45,2,0.07692307692307693,0,2,0,2,0,0,274,0,1,23,0,-1,0,0.15,0.05,0.1,0,0.65,1.0,0,0
61,3090,20,24,0,0,2,1864,46,1,0.038461538461538464,0,1,0,0,1,0,328,0,1,23,0,-1,0,0.15,0.05,0.1,0,0.65,1.0,0,0
62,3090,19,24,0,0,3,1864,46,0,0.0,0,0,0,0,0,0,323,0,1,23,0,-1,0,0.15,0.05,0.1,0,0.65,1.0,0,0
63,3088,21,24,0,0,3,1864,48,2,0.07407407407407407,0,2,0,2,0,0,295,0,1,23,0,-1,0,0.15,0.05,0.1,0,0.65,1.0,0,0
64,3087,23,24,0,0,3,1863,50,2,0.07407407407407407,0,2,0,1,1,0,407,0,1,23,0,-1,0,0.15,0.05,0.1,0,0.65,1.0,0,0
65,3084,25,24,0,0,4,1863,53,3,0.10714285714285714,0,3,0,3,0,0,395,1,1,23,0,-1,0,0.15,0.05,0.1,0,0.65,1.0,0,0
66,3082,29,24,0,0,4,1861,57,4,0.14285714285714285,0,4,0,4,0,0,346,0,1,23,0,-1,0,0.15,0.05,0.1,0,0.65,1.0,0,0
67,3082,28,25,0,0,4,1861,57,0,0.0,0,0,0,0,0,0,297,0,1,24,0,-1,0,0.15,0.05,0.1,0,0.65,1.0,0,0
68,3079,32,25,0,0,4,1860,61,4,0.13793103448275862,0,4,0,4,0,0,411,0,1,24,0,-1,0,0.15,0.05,0.1,0,0.65,1.0,0,0
69,3079,32,25,0,0,4,1860,61,0,0.0,0,0,0,0,0,0,0,0,1,24,0,-1,0,0.15,0.05,0.1,0,0.65,1.0,0,0
70,3079,32,25,0,0,4,1860,61,0,0.0,0,0,0,0,0,0,0,0,1,24,0,-1,0,0.15,0.05,0.1,0,0.65,1.0,0,0
71,3079,32,25,0,0,4,1860,61,0,0.0,0,0,0,0,0,0,0,0,1,24,0,-1,0,0.15,0.05,0.1,0,0.65,1.0,0,0
72,3079,32,25,0,0,4,1860,61,0,0.0,0,0,0,0,0,0,0,0,1,24,0,-1,0,0.15,0.05,0.1,0,0.65,1.0,0,0
73,3079,32,25,0,0,4,1860,61,0,0.0,0,0,0,0,0,0,0,0,1,24,0,-1,0,0.15,0.05,0.1,0,0.65,1.0,0,0
74,3079,32,25,0,0,4,1860,61,0,0.0,0,0,0,0,0,0,0,1,1,24,0,-1,0,0.15,0.05,0.1,0,0.65,1.0,0,0
75,3079,32,25,0,0,4,1860,61,0,0.0,0,0,0,0,0,0,0,0,1,24,0,-1,0,0.15,0.05,0.1,0,0.65,1.0,0,0
76,3078,33,25,0,0,4,1860,62,1,0.034482758620689655,0,1,1,0,0,0,0,1,1,24,0,-1,0,0.15,0.05,0.1,0,0.65,1.0,0,0
77,3078,33,25,0,0,4,1860,62,0,0.0,0,0,0,0,0,0,0,0,1,24,0,-1,0,0.15,0.05,0.1,0,0.65,1.0,0,0
78,3078,32,26,0,0,4,1860,62,0,0.0,0,0,0,0,0,0,0,0,1,25,0,-1,0,0.15,0.05,0.1,0,0.65,1.0,0,0
79,3077,31,26,0,0,6,1860,63,1,0.03125,0,1,0,1,0,0,185,0,1,25,0,-1,0,0.15,0.05,0.1,0,0.65,1.0,0,0
80,3074,34,26,0,0,6,1860,66,3,0.09375,0,3,0,3,0,0,425,0,1,25,0,-1,0,0.15,0.05,0.1,0,0.65,1.0,0,0
81,3073,33,29,0,0,6,1859,68,2,0.05714285714285714,0,2,0,2,0,0,430,0,1,28,0,-1,0,0.15,0.05,0.1,0,0.65,1.0,0,0
82,3071,35,29,0,0,6,1859,70,2,0.05714285714285714,0,2,0,2,0,0,405,0,1,28,0,-1,0,0.15,0.05,0.1,0,0.65,1.0,0,0
83,3071,33,31,0,0,6,1859,70,0,0.0,0,0,0,0,0,0,380,1,1,30,0,-1,0,0.15,0.05,0.1,0,0.65,1.0,0,0
84,3070,33,33,0,0,6,1858,72,2,0.05128205128205128,0,2,1,1,0,0,475,0,1,32,0,-1,0,0.15,0.05,0.1,0,0.65,1.0,0,0
85,3065,38,33,0,0,6,1858,77,5,0.1282051282051282,0,5,0,5,0,0,634,0,1,32,0,-1,0,0.15,0.05,0.1,0,0.65,1.0,0,0
86,3061,42,33,0,0,6,1858,81,4,0.10256410256410256,0,4,0,4,0,0,389,0,1,32,0,-1,0,0.15,0.05,0.1,0,0.65,1.0,0,0
87,3059,44,33,0,0,6,1858,83,2,0.05128205128205128,0,2,0,2,0,0,554,0,1,32,0,-1,0,0.15,0.05,0.1,0,0.65,1.0,0,0
88,3054,50,33,0,0,6,1857,89,6,0.15384615384615385,0,6,1,4,1,0,505,0,1,32,0,-1,0,0.15,0.05,0.1,0,0.65,1.0,0,0
89,3054,50,15,18,0,6,1857,71,0,0.0,0,0,0,0,0,0,0,0,1,14,0,-1,0,0.15,0.05,0.1,0,0.65,1.0,0,0
90,3054,50,15,18,0,6,1857,71,0,0.0,0,0,0,0,0,0,0,0,1,14,0,-1,0,0.15,0.05,0.1,0,0.65,1.0,0,0
91,3054,50,15,18,0,6,1857,71,0,0.0,0,0,0,0,0,0,0,0,1,14,0,-1,0,0.15,0.05,0.1,0,0.65,1.0,0,0
92,3054,50,15,18,0,6,1857,71,0,0.0,0,0,0,0,0,0,0,0,1,14,0,-1,0,0.15,0.05,0.1,0,0.65,1.0,0,0
93,3054,49,16,18,0,6,1857,71,0,0.0,0,0,0,0,0,0,0,0,1,15,0,-1,0,0.15,0.05,0.1,0,0.65,1.0,0,0
94,3054,49,16,18,0,6,1857,71,0,0.0,0,0,0,0,0,0,0,0,1,15,0,-1,0,0.15,0.05,0.1,0,0.65,1.0,0,0
95,3054,48,17,18,0,6,1857,71,0,0.0,0,0,0,0,0,0,0,1,1,16,0,-1,0,0.15,0.05,0.1,0,0.65,1.0,0,0
96,3054,48,17,18,0,6,1857,71,0,0.0,0,0,0,0,0,0,0,0,1,16,0,-1,0,0.15,0.05,0.1,0,0.65,1.0,0,0
97,3054,48,17,18,0,6,1857,71,0,0.0,0,0,0,0,0,0,0,0,1,16,0,-1,0,0.15,0.05,0.1,0,0.65,1.0,0,0
98,3054,47,17,18,0,7,1857,71,0,0.0,0,0,0,0,0,0,0,0,1,16,0,-1,0,0.15,0.05,0.1,0,0.65,1.0,0,0
99,3054,46,17,18,0,8,1857,71,0,0.0,0,0,0,0,0,0,229,0,1,16,0,-1,0,0.15,0.05,0.1,0,0.65,1.0,0,0
100,3050,48,17,18,0,10,1857,75,4,0.14814814814814814,0,4,0,4,0,0,432,1,1,16,0,-1,0,0.15,0.05,0.1,0,0.65,1.0,0,0
101,3049,48,18,18,0,10,1857,76,1,0.03571428571428571,0,1,0,1,0,0,528,1,1,17,0,-1,0,0.15,0.05,0.1,0,0.65,1.0,0,0
102,3049,47,18,18,0,11,1857,76,0,0.0,0,0,0,0,0,0,561,0,1,17,0,-1,0,0.15,0.05,0.1,0,0.65,1.0,0,0
103,3046,49,18,18,0,12,1857,79,3,0.1,0,3,0,3,0,0,498,0,1,17,0,-1,0,0.15,0.05,0.1,0,0.65,1.0,0,0
104,3043,50,20,18,0,13,1856,83,4,0.12121212121212122,0,4,0,4,0,0,557,0,1,19,0,-1,0,0.15,0.05,0.1,0,0.65,1.0,0,0
105,3041,50,21,18,0,14,1856,85,2,0.05714285714285714,0,2,0,2,0,0,619,0,1,20,0,-1,0,0.15,0.05,0.1,0,0.65,1.0,0,0
106,3039,49,25,18,0,14,1855,88,3,0.07692307692307693,0,3,0,3,0,0,678,0,1,24,0,-1,0,0.15,0.05,0.1,0,0.65,1.0,0,0
107,3038,49,26,18,0,14,1855,89,1,0.025,0,1,0,1,0,0,767,0,1,25,0,-1,0,0.15,0.05,0.1,0,0.65,1.0,0,0
108,3034,51,27,18,0,16,1854,94,5,0.11627906976744186,0,5,0,5,0,0,702,0,1,26,0,-1,0,0.15,0.05,0.1,0,0.65,1.0,0,0
109,3034,51,27,18,0,16,1854,94,0,0.0,0,0,0,0,0,0,0,0,1,26,0,-1,0,0.15,0.05,0.1,0,0.65,1.0,0,0
110,3034,51,27,18,0,16,1854,94,0,0.0,0,0,0,0,0,0,0,0,1,26,0,-1,0,0.15,0.05,0.1,0,0.65,1.0,0,0
111,3034,51,27,18,0,16,1854,94,0,0.0,0,0,0,0,0,0,0,0,1,26,0,-1,0,0.15,0.05,0.1,0,0.65,1.0,0,0
112,3034,51,27,18,0,16,1854,94,0,0.0,0,0,0,0,0,0,0,0,1,26,0,-1,0,0.15,0.05,0.1,0,0.65,1.0,0,0
113,3033,52,27,18,0,16,1854,95,1,0.023255813953488372,0,1,1,0,0,0,0,0,1,26,0,-1,0,0.15,0.05,0.1,0,0.65,1.0,0,0
114,3032,53,27,18,0,16,1854,96,1,0.023255813953488372,0,1,1,0,0,0,0,1,1,26,0,-1,0,0.15,0.05,0.1,0,0.65,1.0,0,0
115,3032,52,28,18,0,16,1854,96,0,0.0,0,0,0,0,0,0,0,0,1,27,0,-1,0,0.15,0.05,0.1,0,0.65,1.0,0,0
116,3032,52,28,18,0,16,1854,96,0,0.0,0,0,0,0,0,0,0,0,1,27,0,-1,0,0.15,0.05,0.1,0,0.65,1.0,0,0
117,3032,52,28,18,0,16,1854,96,0,0.0,0,0,0,0,0,0,0,0,1,27,0,-1,0,0.15,0.05,0.1,0,0.65,1.0,0,0
118,3032,52,28,18,0,16,1854,96,0,0.0,0,0,0,0,0,0,0,0,1,27,0,-1,0,0.15,0.05,0.1,0,0.65,1.0,0,0
119,3032,49,29,18,0,18,1854,96,0,0.0,0,0,0,0,0,0,429,0,1,28,0,-1,0,0.15,0.05,0.1,0,0.65,1.0,0,0
120,3029,54,29,18,0,19,1851,102,6,0.125,0,6,0,6,0,0,878,0,1,28,0,-1,0,0.15,0.05,0.1,0,0.65,1.0,0,0
121,3027,55,30,18,0,22,1848,107,5,0.09615384615384616,0,5,1,4,0,0,845,0,1,29,0,-1,0,0.15,0.05,0.1,0,0.65,1.0,0,0
122,3024,58,30,18,0,22,1848,110,3,0.057692307692307696,0,3,0,3,0,0,1035,0,1,29,0,-1,0,0.15,0.05,0.1,0,0.65,1.0,0,0
123,3024,57,31,18,0,22,1848,110,0,0.0,0,0,0,0,0,0,6,0,1,30,0,-1,1,0.15,0.05,0.1,0,0.65,0.45,0,0
124,3024,52,33,18,0,25,1848,110,0,0.0,0,0,0,0,0,0,3,0,1,32,0,-1,1,0.15,0.05,0.1,0,0.65,0.45,0,0
125,3023,50,35,18,0,26,1848,111,1,0.01639344262295082,0,1,1,0,0,0,6,0,2,33,0,-1,1,0.15,0.05,0.1,0,0.65,0.45,0,0
126,3022,48,37,18,0,27,1848,112,1,0.015625,0,1,1,0,0,0,4,0,2,35,0,-1,1,0.15,0.05,0.1,0,0.65,0.45,0,0
127,3022,42,41,18,0,29,1848,112,0,0.0,0,0,0,0,0,0,6,0,2,39,0,-1,1,0.15,0.05,0.1,0,0.65,0.45,0,0
128,3022,41,41,18,0,30,1848,112,0,0.0,0,0,0,0,0,0,3,0,2,39,0,-1,1,0.15,0.05,0.1,0,0.65,0.45,0,0
129,3022,42,41,18,0,30,1847,113,1,0.014084507042253521,0,1,1,0,0,0,0,0,2,39,0,-1,1,0.15,0.05,0.1,0,0.65,0.45,0,0
130,3022,42,41,18,0,30,1847,113,0,0.0,0,0,0,0,0,0,0,0,2,39,0,-1,1,0.15,0.05,0.1,0,0.65,0.45,0,0
131,3022,42,40,19,0,30,1847,112,0,0.0,0,0,0,0,0,0,0,0,2,38,0,-1,1,0.15,0.05,0.1,0,0.65,0.45,0,0
132,3021,43,40,19,0,30,1847,113,1,0.014285714285714285,1,0,1,0,0,0,0,0,2,38,0,-1,1,0.15,0.05,0.1,0,0.65,0.45,0,0
133,3021,43,39,22,0,28,1847,110,0,0.0,0,0,0,0,0,0,0,0,2,37,0,-1,1,0.15,0.05,0.1,0,0.65,0.45,0,0
134,3020,44,39,22,0,28,1847,111,1,0.014925373134328358,0,1,1,0,0,0,0,0,2,37,0,-1,1,0.15,0.05,0.1,0,0.65,0.45,0,0
135,3020,44,38,23,0,28,1847,110,0,0.0,0,0,0,0,0,0,0,0,2,36,0,-1,1,0.15,0.05,0.1,0,0.65,0.45,0,0
136,3020,44,37,24,0,28,1847,109,0,0.0,0,0,0,0,0,0,0,0,2,35,0,-1,1,0.15,0.05,0.1,0,0.65,0.45,0,0
137,3020,44,37,24,0,28,1847,109,0,0.0,0,0,0,0,0,0,0,0,2,35,0,-1,1,0.15,0.05,0.1,0,0.65,0.45,0,0
138,3020,45,36,25,0,28,1846,109,1,0.015625,0,1,1,0,0,0,0,0,2,34,0,-1,1,0.15,0.05,0.1,0,0.65,0.45,0,0
139,3020,42,39,25,0,28,1846,109,0,0.0,0,0,0,0,0,0,2,0,2,37,0,-1,1,0.15,0.05,0.1,0,0.65,0.45,0,0
140,3020,41,40,25,0,28,1846,109,0,0.0,0,0,0,0,0,0,6,0,2,38,0,-1,1,0.15,0.05,0.1,0,0.65,0.45,0,0
141,3019,41,41,25,0,28,1846,110,1,0.014492753623188406,0,1,1,0,0,0,7,0,2,39,0,-1,1,0.15,0.05,0.1,0,0.65,0.45,0,0
142,3019,39,43,25,0,28,1846,110,0,0.0,0,0,0,0,0,0,3,0,2,41,0,-1,1,0.15,0.05,0.1,0,0.65,0.45,0,0
143,3019,37,45,25,0,28,1846,110,0,0.0,0,0,0,0,0,0,10,0,2,43,0,-1,1,0.15,0.05,0.1,0,0.65,0.45,0,0
144,3018,35,47,25,0,29,1846,111,1,0.013157894736842105,0,1,1,0,0,0,2,0,2,45,0,-1,1,0.15,0.05,0.1,0,0.65,0.45,0,0
145,3017,33,50,25,0,29,1846,112,1,0.012658227848101266,0,1,1,0,0,0,6,0,2,48,0,-1,1,0.15,0.05,0.1,0,0.65,0.45,0,0
146,3017,30,53,25,0,29,1846,112,0,0.0,0,0,0,0,0,0,4,0,3,50,0,-1,1,0.15,0.05,0.1,0,0.65,0.45,0,0
147,3017,29,54,25,0,29,1846,112,0,0.0,0,0,0,0,0,0,8,0,3,51,0,-1,1,0.15,0.05,0.1,0,0.65,0.45,0,0
148,3017,25,57,26,0,29,1846,111,0,0.0,0,0,0,0,0,0,6,0,2,55,0,-1,1,0.15,0.05,0.1,0,0.65,0.45,0,0
149,3017,25,57,26,0,29,1846,111,0,0.0,0,0,0,0,0,0,0,0,2,55,0,-1,1,0.15,0.05,0.1,0,0.65,0.45,0,0
150,3017,25,57,26,0,29,1846,111,0,0.0,0,0,0,0,0,0,0,0,2,55,0,-1,1,0.15,0.05,0.1,0,0.65,0.45,0,0
151,3015,27,57,26,0,29,1846,113,2,0.023255813953488372,1,1,2,0,0,0,0,0,2,55,0,-1,1,0.15,0.05,0.1,0,0.65,0.45,0,0
152,3014,27,58,27,0,28,1846,113,1,0.011627906976744186,0,1,1,0,0,0,0,0,2,56,0,-1,1,0.15,0.05,0.1,0,0.65,0.45,0,0
153,3013,28,58,27,0,28,1846,114,1,0.011627906976744186,0,1,1,0,0,0,0,0,2,56,0,-1,1,0.15,0.05,0.1,0,0.65,0.45,0,0
154,3013,27,59,27,0,28,1846,114,0,0.0,0,0,0,0,0,0,0,0,2,57,0,-1,1,0.15,0.05,0.1,0,0.65,0.45,0,0
155,3013,27,59,28,0,27,1846,113,0,0.0,0,0,0,0,0,0,0,0,2,57,0,-1,1,0.15,0.05,0.1,0,0.65,0.45,0,0
156,3013,27,59,28,0,27,1846,113,0,0.0,0,0,0,0,0,0,0,0,2,57,0,-1,1,0.15,0.05,0.1,0,0.65,0.45,0,0
157,3012,28,58,29,0,27,1846,113,1,0.011764705882352941,0,1,1,0,0,0,0,0,2,56,0,-1,1,0.15,0.05,0.1,0,0.65,0.45,0,0
158,3011,29,58,29,0,27,1846,114,1,0.011764705882352941,0,1,1,0,0,0,0,0,2,56,0,-1,1,0.15,0.05,0.1,0,0.65,0.45,0,0
159,3011,27,60,29,0,28,1845,115,1,0.011363636363636364,0,1,1,0,0,0,5,0,3,57,0,-1,1,0.15,0.05,0.1,0,0.65,0.45,0,0
160,3009,23,63,29,0,31,1845,117,2,0.02127659574468085,1,1,2,0,0,0,8,0,3,60,0,-1,1,0.15,0.05,0.1,0,0.65,0.45,0,0
161,3009,21,65,29,0,31,1845,117,0,0.0,0,0,0,0,0,0,7,0,3,62,0,-1,1,0.15,0.05,0.1,0,0.65,0.45,0,0
162,3009,18,68,29,0,31,1845,117,0,0.0,0,0,0,0,0,0,6,0,3,65,0,-1,1,0.15,0.05,0.1,0,0.65,0.45,0,0
163,3008,20,68,29,0,31,1844,119,2,0.020202020202020204,1,1,2,0,0,0,7,0,3,65,0,-1,1,0.15,0.05,0.1,0,0.65,0.45,0,0
164,3006,21,68,29,0,32,1844,121,2,0.02,0,2,2,0,0,0,9,0,3,65,0,-1,1,0.15,0.05,0.1,0,0.65,0.45,0,0
165,3006,20,69,29,0,32,1844,121,0,0.0,0,0,0,0,0,0,9,0,3,66,0,-1,1,0.15,0.05,0.1,0,0.65,0.45,0,0
166,3005,22,69,29,0,32,1843,123,2,0.019801980198019802,1,1,2,0,0,0,6,0,3,66,0,-1,1,0.15,0.05,0.1,0,0.65,0.45,0,0
167,3003,24,69,29,0,32,1843,125,2,0.019801980198019802,0,2,2,0,0,0,3,0,3,66,0,-1,1,0.15,0.05,0.1,0,0.65,0.45,0,0
168,3003,23,69,30,0,32,1843,124,0,0.0,0,0,0,0,0,0,4,0,3,66,0,-1,1,0.15,0.05,0.1,0,0.65,0.45,0,0
169,3003,23,69,32,0,30,1843,122,0,0.0,0,0,0,0,0,0,0,0,3,66,0,-1,1,0.15,0.05,0.1,0,0.65,0.45,0,0
170,3002,24,69,32,0,30,1843,123,1,0.010101010101010102,1,0,1,0,0,0,0,0,3,66,0,-1,1,0.15,0.05,0.1,0,0.65,0.45,0,0
171,3002,24,66,35,0,30,1843,120,0,0.0,0,0,0,0,0,0,0,0,3,63,0,-1,1,0.15,0.05,0.1,0,0.65,0.45,0,0
172,3002,23,67,35,0,30,1843,120,0,0.0,0,0,0,0,0,0,0,0,3,64,0,-1,1,0.15,0.05,0.1,0,0.65,0.45,0,0
173,3002,23,65,37,0,30,1843,118,0,0.0,0,0,0,0,0,0,0,0,3,62,0,-1,1,0.15,0.05,0.1,0,0.65,0.45,0,0
174,3002,22,64,39,0,30,1843,116,0,0.0,0,0,0,0,0,0,0,0,3,61,0,-1,1,0.15,0.05,0.1,0,0.65,0.45,0,0
175,3002,23,64,39,0,30,1842,117,1,0.010638297872340425,0,1,1,0,0,0,0,0,3,61,0,-1,1,0.15,0.05,0.1,0,0.65,0.45,0,0
176,3002,23,64,39,0,30,1842,117,0,0.0,0,0,0,0,0,0,0,0,3,61,0,-1,1,0.15,0.05,0.1,0,0.65,0.45,0,0
177,3002,23,64,39,0,30,1842,117,0,0.0,0,0,0,0,0,0,0,0,3,61,0,-1,1,0.15,0.05,0.1,0,0.65,0.45,0,0
178,3002,23,64,39,0,31,1841,118,1,0.010526315789473684,1,0,1,0,0,0,0,0,3,61,0,-1,1,0.15,0.05,0.1,0,0.65,0.45,0,0
179,3001,24,64,39,0,31,1841,119,1,0.010526315789473684,0,1,1,0,0,0,9,0,3,61,0,-1,1,0.15,0.05,0.1,0,0.65,0.45,0,0
180,3000,24,65,39,0,31,1841,120,1,0.010416666666666666,0,1,1,0,0,0,10,0,3,62,0,-1,1,0.15,0.05,0.1,0,0.65,0.45,0,0
181,3000,24,65,39,0,31,1841,120,0,0.0,0,0,0,0,0,0,4,0,3,62,0,-1,1,0.15,0.05,0.1,0,0.65,0.45,0,0
182,2999,25,65,39,0,31,1841,121,1,0.010416666666666666,0,1,1,0,0,0,10,0,3,62,0,-1,1,0.15,0.05,0.1,0,0.65,0.45,0,0
183,2999,25,64,40,0,31,1841,120,0,0.0,0,0,0,0,0,0,5,0,3,61,0,-1,1,0.15,0.05,0.1,0,0.65,0.45,0,0
184,2999,23,64,40,0,33,1841,120,0,0.0,0,0,0,0,0,0,2,0,3,61,0,-1,1,0.15,0.05,0.1,0,0.65,0.45,0,0
185,2999,23,63,41,0,33,1841,119,0,0.0,0,0,0,0,0,0,11,0,3,60,0,-1,1,0.15,0.05,0.1,0,0.65,0.45,0,0
186,2999,23,63,41,0,33,1841,119,0,0.0,0,0,0,0,0,0,7,0,3,60,0,-1,1,0.15,0.05,0.1,0,0.65,0.45,0,0
187,2999,23,63,41,0,33,1841,119,0,0.0,0,0,0,0,0,0,8,0,3,60,0,-1,1,0.15,0.05,0.1,0,0.65,0.45,0,0
188,2999,23,63,42,0,32,1841,118,0,0.0,0,0,0,0,0,0,5,0,3,60,0,-1,1,0.15,0.05,0.1,0,0.65,0.45,0,0
189,2999,23,63,43,0,31,1841,117,0,0.0,0,0,0,0,0,0,0,0,3,60,0,-1,1,0.15,0.05,0.1,0,0.65,0.45,0,0
190,2999,22,64,45,0,29,1841,115,0,0.0,0,0,0,0,0,0,0,0,3,61,0,-1,1,0.15,0.05,0.1,0,0.65,0.45,0,0
191,2999,21,64,46,0,29,1841,114,0,0.0,0,0,0,0,0,0,0,0,3,61,0,-1,1,0.15,0.05,0.1,0,0.65,0.45,0,0
192,2998,20,66,47,0,28,1841,114,1,0.010638297872340425,0,1,1,0,0,0,0,0,4,62,0,-1,1,0.15,0.05,0.1,0,0.65,0.45,0,0
193,2997,21,66,48,0,27,1841,114,1,0.010752688172043012,0,1,1,0,0,0,0,0,4,62,0,-1,1,0.15,0.05,0.1,0,0.65,0.45,0,0
194,2997,21,64,51,0,26,1841,111,0,0.0,0,0,0,0,0,0,0,1,4,60,0,-1,1,0.15,0.05,0.1,0,0.65,0.45,0,0
195,2997,22,63,53,0,25,1840,110,1,0.011363636363636364,0,1,1,0,0,0,0,0,4,59,0,-1,1,0.15,0.05,0.1,0,0.65,0.45,0,0
196,2996,23,59,57,0,25,1840,107,1,0.011904761904761904,0,1,1,0,0,0,0,0,4,55,0,-1,1,0.15,0.05,0.1,0,0.65,0.45,0,0
197,2996,22,59,58,0,25,1840,106,0,0.0,0,0,0,0,0,0,0,0,4,55,0,-1,1,0.15,0.05,0.1,0,0.65,0.45,0,0
198,2995,22,59,61,0,23,1840,104,1,0.012195121951219513,0,1,1,0,0,0,0,0,4,55,0,-1,1,0.15,0.05,0.1,0,0.65,0.45,0,0
199,2995,21,60,61,0,23,1840,104,0,0.0,0,0,0,0,0,0,12,0,4,56,0,-1,1,0.15,0.05,0.1,0,0.65,0.45,0,0
200,2993,21,62,61,0,23,1840,106,2,0.023529411764705882,0,2,2,0,0,0,8,0,4,58,0,-1,1,0.15,0.05,0.1,0,0.65,0.45,0,0
201,2993,21,62,61,0,23,1840,106,0,0.0,0,0,0,0,0,0,7,0,4,58,0,-1,1,0.15,0.05,0.1,0,0.65,0.45,0,0
202,2993,20,63,61,0,23,1840,106,0,0.0,0,0,0,0,0,0,8,0,4,59,0,-1,1,0.15,0.05,0.1,0,0.65,0.45,0,0
203,2993,19,64,61,0,23,1840,106,0,0.0,0,0,0,0,0,0,5,0,4,60,0,-1,1,0.15,0.05,0.1,0,0.65,0.45,0,0
204,2993,17,65,61,0,24,1840,106,0,0.0,0,0,0,0,0,0,4,0,4,61,0,-1,1,0.15,0.05,0.1,0,0.65,0.45,0,0
205,2993,17,65,62,0,24,1839,106,1,0.011235955056179775,1,0,1,0,0,0,17,0,4,61,0,-1,1,0.15,0.05,0.1,0,0.65,0.45,0,0
206,2993,14,67,62,0,25,1839,106,0,0.0,0,0,0,0,0,0,16,1,4,63,0,-1,1,0.15,0.05,0.1,0,0.65,0.45,0,0
207,2993,14,67,62,0,25,1839,106,0,0.0,0,0,0,0,0,0,13,0,4,63,0,-1,1,0.15,0.05,0.1,0,0.65,0.45,0,0
208,2992,15,67,62,0,25,1839,107,1,0.010869565217391304,0,1,1,0,0,0,12,0,4,63,0,-1,1,0.15,0.05,0.1,0,0.65,0.45,0,0
209,2991,15,66,65,0,24,1839,105,1,0.011111111111111112,0,1,1,0,0,0,0,0,4,62,0,-1,1,0.15,0.05,0.1,0,0.65,0.45,0,0
210,2990,16,66,66,0,23,1839,105,1,0.011235955056179775,0,1,1,0,0,0,0,0,4,62,0,-1,1,0.15,0.05,0.1,0,0.65,0.45,0,0
211,2990,17,65,70,0,20,1838,102,1,0.011764705882352941,0,1,1,0,0,0,0,0,4,61,0,-1,1,0.15,0.05,0.1,0,0.65,0.45,0,0
212,2990,17,65,70,0,20,1838,102,0,0.0,0,0,0,0,0,0,0,0,4,61,0,-1,1,0.15,0.05,0.1,0,0.65,0.45,0,0
213,2990,17,64,71,0,20,1838,101,0,0.0,0,0,0,0,0,0,0,0,4,60,0,-1,1,0.15,0.05,0.1,0,0.65,0.45,0,0
214,2990,16,63,76,0,17,1838,96,0,0.0,0,0,0,0,0,0,0,0,4,59,0,-1,1,0.15,0.05,0.1,0,0.65,0.45,0,0
215,2989,18,61,79,0,16,1837,95,2,0.025974025974025976,2,0,2,0,0,0,0,0,3,58,0,-1,1,0.15,0.05,0.1,0,0.65,0.45,0,0
216,2988,19,59,82,0,15,1837,93,1,0.013513513513513514,0,1,1,0,0,0,0,0,3,56,0,-1,1,0.15,0.05,0.1,0,0.65,0.45,0,0
217,2988,18,56,88,0,13,1837,87,0,0.0,0,0,0,0,0,0,0,0,3,53,0,-1,1,0.15,0.05,0.1,0,0.65,0.45,0,0
218,2988,18,57,89,0,12,1836,87,1,0.014492753623188406,0,1,1,0,0,0,0,0,3,54,0,-1,1,0.15,0.05,0.1,0,0.65,0.45,0,0
219,2988,19,57,89,0,12,1835,88,1,0.014492753623188406,1,0,1,0,0,0,14,0,3,54,0,-1,1,0.15,0.05,0.1,0,0.65,0.45,0,0
220,2988,18,58,89,0,12,1835,88,0,0.0,0,0,0,0,0,0,12,0,3,55,0,-1,1,0.15,0.05,0.1,0,0.65,0.45,0,0
221,2988,18,58,89,0,12,1835,88,0,0.0,0,0,0,0,0,0,10,0,3,55,0,-1,1,0.15,0.05,0.1,0,0.65,0.45,0,0
222,2988,17,59,89,0,12,1835,88,0,0.0,0,0,0,0,0,0,15,0,3,56,0,-1,1,0.15,0.05,0.1,0,0.65,0.45,0,0
223,2988,17,59,89,0,12,1835,88,0,0.0,0,0,0,0,0,0,9,0,3,56,0,-1,1,0.15,0.05,0.1,0,0.65,0.45,0,0
224,2988,20,59,89,0,12,1832,91,3,0.04225352112676056,0,3,3,0,0,0,12,0,3,56,0,-1,1,0.15,0.05,0.1,0,0.65,0.45,0,0
225,2988,20,59,89,0,12,1832,91,0,0.0,0,0,0,0,0,0,14,0,3,56,0,-1,1,0.15,0.05,0.1,0,0.65,0.45,0,0
226,2987,22,59,89,0,12,1831,93,2,0.028169014084507043,0,2,2,0,0,0,9,0,3,56,0,-1,1,0.15,0.05,0.1,0,0.65,0.45,0,0
227,2986,23,59,89,0,12,1831,94,1,0.014084507042253521,0,1,0,0,1,0,14,0,3,56,0,-1,1,0.15,0.05,0.1,0,0.65,0.45,0,0
228,2986,23,59,89,0,12,1831,94,0,0.0,0,0,0,0,0,0,13,0,3,56,0,-1,1,0.15,0.05,0.1,0,0.65,0.45,0,0
229,2986,23,56,92,0,12,1831,91,0,0.0,0,0,0,0,0,0,0,0,3,53,0,-1,1,0.15,0.05,0.1,0,0.65,0.45,0,0
230,2986,23,55,93,0,12,1831,90,0,0.0,0,0,0,0,0,0,0,1,3,52,0,-1,1,0.15,0.05,0.1,0,0.65,0.45,0,0
231,2985,23,54,94,0,13,1831,90,1,0.014925373134328358,0,1,1,0,0,0,0,0,3,51,0,-1,1,0.15,0.05,0.1,0,0.65,0.45,0,0
232,2985,23,52,96,0,13,1831,88,0,0.0,0,0,0,0,0,0,0,0,3,49,0,-1,1,0.15,0.05,0.1,0,0.65,0.45,0,0
233,2985,22,50,98,0,14,1831,86,0,0.0,0,0,0,0,0,0,0,0,3,47,0,-1,1,0.15,0.05,0.1,0,0.65,0.45,0,0
234,2984,22,48,101,0,14,1831,84,1,0.016129032258064516,0,1,1,0,0,0,0,0,3,45,0,-1,1,0.15,0.05,0.1,0,0.65,0.45,0,0
235,2984,22,45,104,0,14,1831,81,0,0.0,0,0,0,0,0,0,0,0,3,42,0,-1,1,0.15,0.05,0.1,0,0.65,0.45,0,0
236,2984,22,43,107,0,14,1830,79,1,0.017543859649122806,0,1,1,0,0,0,0,0,2,41,0,-1,1,0.15,0.05,0.1,0,0.65,0.45,0,0
237,2984,21,42,108,0,15,1830,78,0,0.0,0,0,0,0,0,0,0,0,2,40,0,-1,1,0.15,0.05,0.1,0,0.65,0.45,0,0
238,2984,21,38,112,0,15,1830,74,0,0.0,0,0,0,0,0,0,0,0,2,36,0,-1,1,0.15,0.05,0.1,0,0.65,0.45,0,0
239,2984,20,39,112,0,15,1830,74,0,0.0,0,0,0,0,0,0,18,0,2,37,0,-1,1,0.15,0.05,0.1,0,0.65,0.45,0,0
240,2984,19,40,112,0,15,1830,74,0,0.0,0,0,0,0,0,0,12,1,2,38,0,-1,1,0.15,0.05,0.1,0,0.65,0.45,0,0
241,2984,19,40,112,0,15,1830,74,0,0.0,0,0,0,0,0,0,19,0,2,38,0,-1,1,0.15,0.05,0.1,0,0.65,0.45,0,0
242,2984,19,39,113,0,15,1830,73,0,0.0,0,0,0,0,0,0,11,0,2,37,0,-1,1,0.15,0.05,0.1,0,0.65,0.45,0,0
243,2984,19,39,113,0,15,1830,73,0,0.0,0,0,0,0,0,0,13,0,2,37,0,-1,1,0.15,0.05,0.1,0,0.65,0.45,0,0
244,2984,19,38,114,0,15,1830,72,0,0.0,0,0,0,0,0,0,21,0,2,36,0,-1,1,0.15,0.05,0.1,0,0.65,0.45,0,0
245,2984,18,39,114,0,15,1830,72,0,0.0,0,0,0,0,0,0,17,0,2,37,0,-1,1,0.15,0.05,0.1,0,0.65,0.45,0,0
246,2984,19,39,114,0,15,1829,73,1,0.018518518518518517,0,1,1,0,0,0,18,0,2,37,0,-1,1,0.15,0.05,0.1,0,0.65,0.45,0,0
247,2984,18,40,114,0,15,1829,73,0,0.0,0,0,0,0,0,0,22,0,2,38,0,-1,1,0.15,0.05,0.1,0,0.65,0.45,0,0
248,2983,18,41,114,0,15,1829,74,1,0.017857142857142856,0,1,1,0,0,0,18,0,2,39,0,-1,1,0.15,0.05,0.1,0,0.65,0.45,0,0
249,2983,17,40,117,0,14,1829,71,0,0.0,0,0,0,0,0,0,0,0,1,39,0,-1,1,0.15,0.05,0.1,0,0.65,0.45,0,0
250,2983,17,37,123,0,11,1829,65,0,0.0,0,0,0,0,0,0,0,0,1,36,0,-1,1,0.15,0.05,0.1,0,0.65,0.45,0,0
251,2983,16,36,125,0,11,1829,63,0,0.0,0,0,0,0,0,0,0,0,1,35,0,-1,1,0.15,0.05,0.1,0,0.65,0.45,0,0
252,2983,16,33,128,0,11,1829,60,0,0.0,0,0,0,0,0,0,0,0,1,32,0,-1,1,0.15,0.05,0.1,0,0.65,0.45,0,0
253,2983,16,33,128,0,11,1829,60,0,0.0,0,0,0,0,0,0,0,0,1,32,0,-1,1,0.15,0.05,0.1,0,0.65,0.45,0,0
254,2983,14,34,129,0,11,1829,59,0,0.0,0,0,0,0,0,0,0,1,1,33,0,-1,1,0.15,0.05,0.1,0,0.65,0.45,0,0
255,2983,13,34,130,0,11,1829,58,0,0.0,0,0,0,0,0,0,0,0,1,33,0,-1,1,0.15,0.05,0.1,0,0.65,0.45,0,0
256,2983,13,34,130,0,11,1829,58,0,0.0,0,0,0,0,0,0,0,0,1,33,0,-1,1,0.15,0.05,0.1,0,0.65,0.45,0,0
257,2983,13,34,130,0,11,1829,58,0,0.0,0,0,0,0,0,0,0,0,1,33,0,-1,1,0.15,0.05,0.1,0,0.65,0.45,0,0
258,2983,12,34,131,0,11,1829,57,0,0.0,0,0,0,0,0,0,0,1,1,33,0,-1,1,0.15,0.05,0.1,0,0.65,0.45,0,0
259,2983,11,35,131,0,11,1829,57,0,0.0,0,0,0,0,0,0,21,0,1,34,0,-1,1,0.15,0.05,0.1,0,0.65,0.45,0,0
260,2983,11,35,131,0,11,1829,57,0,0.0,0,0,0,0,0,0,18,0,1,34,0,-1,1,0.15,0.05,0.1,0,0.65,0.45,0,0
261,2982,12,35,131,0,11,1829,58,1,0.021739130434782608,0,1,1,0,0,0,15,0,1,34,0,-1,1,0.15,0.05,0.1,0,0.65,0.45,0,0
262,2982,12,34,132,0,11,1829,57,0,0.0,0,0,0,0,0,0,22,0,1,33,0,-1,1,0.15,0.05,0.1,0,0.65,0.45,0,0
263,2982,10,34,132,0,13,1829,57,0,0.0,0,0,0,0,0,0,15,0,1,33,0,-1,1,0.15,0.05,0.1,0,0.65,0.45,0,0
264,2982,9,34,133,0,13,1829,56,0,0.0,0,0,0,0,0,0,18,1,2,32,0,-1,1,0.15,0.05,0.1,0,0.65,0.45,0,0
265,2982,9,34,133,0,13,1829,56,0,0.0,0,0,0,0,0,0,17,0,2,32,0,-1,1,0.15,0.05,0.1,0,0.65,0.45,0,0
266,2982,7,36,133,0,13,1829,56,0,0.0,0,0,0,0,0,0,23,0,2,34,0,-1,1,0.15,0.05,0.1,0,0.65,0.45,0,0
267,2982,6,37,133,0,13,1829,56,0,0.0,0,0,0,0,0,0,27,0,2,35,0,-1,1,0.15,0.05,0.1,0,0.65,0.45,0,0
268,2982,6,37,134,0,12,1829,55,0,0.0,0,0,0,0,0,0,21,0,2,35,0,-1,1,0.15,0.05,0.1,0,0.65,0.45,0,0
269,2982,6,37,134,0,12,1829,55,0,0.0,0,0,0,0,0,0,0,1,2,35,0,-1,1,0.15,0.05,0.1,0,0.65,0.45,0,0
270,2982,6,36,135,0,12,1829,54,0,0.0,0,0,0,0,0,0,0,0,2,34,0,-1,1,0.15,0.05,0.1,0,0.65,0.45,0,0
271,2982,5,37,135,0,12,1829,54,0,0.0,0,0,0,0,0,0,0,0,2,35,0,-1,1,0.15,0.05,0.1,0,0.65,0.45,0,0
272,2982,5,37,135,0,12,1829,54,0,0.0,0,0,0,0,0,0,0,0,2,35,0,-1,1,0.15,0.05,0.1,0,0.65,0.45,0,0
273,2982,6,37,135,0,12,1828,55,1,0.02040816326530612,0,1,1,0,0,0,0,0,2,35,0,-1,1,0.15,0.05,0.1,0,0.65,0.45,0,0
274,2982,5,37,137,0,11,1828,53,0,0.0,0,0,0,0,0,0,0,0,2,35,0,-1,1,0.15,0.05,0.1,0,0.65,0.45,0,0
275,2982,4,38,137,0,11,1828,53,0,0.0,0,0,0,0,0,0,0,0,2,36,0,-1,1,0.15,0.05,0.1,0,0.65,0.45,0,0
276,2982,4,38,137,0,11,1828,53,0,0.0,0,0,0,0,0,0,0,1,2,36,0,-1,1,0.15,0.05,0.1,0,0.65,0.45,0,0
277,2982,4,38,137,0,11,1828,53,0,0.0,0,0,0,0,0,0,0,0,2,36,0,-1,1,0.15,0.05,0.1,0,0.65,0.45,0,0
278,2982,4,38,137,0,11,1828,53,0,0.0,0,0,0,0,0,0,0,0,2,36,0,-1,1,0.15,0.05,0.1,0,0.65,0.45,0,0
279,2982,4,38,137,0,11,1828,53,0,0.0,0,0,0,0,0,0,23,0,2,36,0,-1,1,0.15,0.05,0.1,0,0.65,0.45,0,0
280,2982,4,37,138,0,11,1828,52,0,0.0,0,0,0,0,0,0,24,0,2,35,0,-1,1,0.15,0.05,0.1,0,0.65,0.45,0,0
281,2982,4,36,139,0,11,1828,51,0,0.0,0,0,0,0,0,0,23,0,2,34,0,-1,1,0.15,0.05,0.1,0,0.65,0.45,0,0
282,2982,4,34,141,0,11,1828,49,0,0.0,0,0,0,0,0,0,13,0,1,33,0,-1,1,0.15,0.05,0.1,0,0.65,0.45,0,0
283,2982,4,34,141,0,11,1828,49,0,0.0,0,0,0,0,0,0,19,0,1,33,0,-1,1,0.15,0.05,0.1,0,0.65,0.45,0,0
284,2982,4,34,141,0,11,1828,49,0,0.0,0,0,0,0,0,0,25,0,1,33,0,-1,1,0.15,0.05,0.1,0,0.65,0.45,0,0
285,2982,4,34,141,0,11,1828,49,0,0.0,0,0,0,0,0,0,27,0,1,33,0,-1,1,0.15,0.05,0.1,0,0.65,0.45,0,0
286,2982,3,34,141,0,12,1828,49,0,0.0,0,0,0,0,0,0,19,0,1,33,0,-1,1,0.15,0.05,0.1,0,0.65,0.45,0,0
287,2982,2,34,142,0,12,1828,48,0,0.0,0,0,0,0,0,0,26,0,1,33,0,-1,1,0.15,0.05,0.1,0,0.65,0.45,0,0
288,2982,2,33,143,0,12,1828,47,0,0.0,0,0,0,0,0,0,23,0,1,32,0,-1,1,0.15,0.05,0.1,0,0.65,0.45,0,0
289,2982,2,32,144,0,12,1828,46,0,0.0,0,0,0,0,0,0,0,1,1,31,0,-1,1,0.15,0.05,0.1,0,0.65,0.45,0,0
290,2982,2,30,146,0,12,1828,44,0,0.0,0,0,0,0,0,0,0,0,1,29,0,-1,1,0.15,0.05,0.1,0,0.65,0.45,0,0
291,2982,2,30,146,0,12,1828,44,0,0.0,0,0,0,0,0,0,0,1,1,29,0,-1,1,0.15,0.05,0.1,0,0.65,0.45,0,0
292,2982,2,29,147,0,12,1828,43,0,0.0,0,0,0,0,0,0,0,0,1,28,0,-1,1,0.15,0.05,0.1,0,0.65,0.45,0,0
293,2982,2,28,148,0,12,1828,42,0,0.0,0,0,0,0,0,0,0,0,1,27,0,-1,1,0.15,0.05,0.1,0,0.65,0.45,0,0
294,2982,2,27,150,0,11,1828,40,0,0.0,0,0,0,0,0,0,0,0,1,26,0,-1,1,0.15,0.05,0.1,0,0.65,0.45,0,0
295,2982,2,26,151,0,11,1828,39,0,0.0,0,0,0,0,0,0,0,0,1,25,0,-1,1,0.15,0.05,0.1,0,0.65,0.45,0,0
296,2981,3,24,154,0,10,1828,37,1,0.029411764705882353,0,1,1,0,0,0,0,0,1,23,0,-1,1,0.15,0.05,0.1,0,0.65,0.45,0,0
297,2981,3,24,154,0,10,1828,37,0,0.0,0,0,0,0,0,0,0,0,1,23,0,-1,1,0.15,0.05,0.1,0,0.65,0.45,0,0
298,2981,3,24,154,0,10,1828,37,0,0.0,0,0,0,0,0,0,0,0,1,23,0,-1,1,0.15,0.05,0.1,0,0.65,0.45,0,0
299,2981,3,24,155,0,9,1828,36,0,0.0,0,0,0,0,0,0,16,0,1,23,0,-1,1,0.15,0.05,0.1,0,0.65,0.45,0,0
300,2981,3,24,155,0,9,1828,36,0,0.0,0,0,0,0,0,0,17,0,1,23,0,-1,1,0.15,0.05,0.1,0,0.65,0.45,0,0
301,2981,2,24,155,0,10,1828,36,0,0.0,0,0,0,0,0,0,15,0,1,23,0,-1,1,0.15,0.05,0.1,0,0.65,0.45,0,0
302,2981,2,24,155,0,10,1828,36,0,0.0,0,0,0,0,0,0,21,0,1,23,0,-1,1,0.15,0.05,0.1,0,0.65,0.45,0,0
303,2981,2,24,155,0,10,1828,36,0,0.0,0,0,0,0,0,0,13,0,1,23,0,-1,1,0.15,0.05,0.1,0,0.65,0.45,0,0
304,2981,2,23,155,1,10,1828,35,0,0.0,0,0,0,0,0,0,16,0,1,22,0,-1,1,0.15,0.05,0.1,0,0.65,0.45,0,0
305,2981,2,23,155,1,10,1828,35,0,0.0,0,0,0,0,0,0,20,0,1,22,0,-1,1,0.15,0.05,0.1,0,0.65,0.45,0,0
306,2981,2,23,155,1,10,1828,35,0,0.0,0,0,0,0,0,0,17,0,1,22,0,-1,1,0.15,0.05,0.1,0,0.65,0.45,0,0
307,2981,2,22,156,1,10,1828,34,0,0.0,0,0,0,0,0,0,25,0,1,21,0,-1,1,0.15,0.05,0.1,0,0.65,0.45,0,0
308,2981,2,21,157,1,10,1828,33,0,0.0,0,0,0,0,0,0,17,0,1,20,0,-1,1,0.15,0.05,0.1,0,0.65,0.45,0,0
309,2981,2,21,157,1,10,1828,33,0,0.0,0,0,0,0,0,0,0,0,1,20,0,-1,1,0.15,0.05,0.1,0,0.65,0.45,0,0
310,2981,2,20,158,1,10,1828,32,0,0.0,0,0,0,0,0,0,0,0,1,19,0,-1,1,0.15,0.05,0.1,0,0.65,0.45,0,0
311,2981,2,20,158,1,10,1828,32,0,0.0,0,0,0,0,0,0,0,0,1,19,0,-1,1,0.15,0.05,0.1,0,0.65,0.45,0,0
312,2981,1,20,159,1,10,1828,31,0,0.0,0,0,0,0,0,0,0,0,1,19,0,-1,1,0.15,0.05,0.1,0,0.65,0.45,0,0
313,2981,1,20,159,1,10,1828,31,0,0.0,0,0,0,0,0,0,0,0,1,19,0,-1,1,0.15,0.05,0.1,0,0.65,0.45,0,0
314,2981,1,20,159,1,10,1828,31,0,0.0,0,0,0,0,0,0,0,0,1,19,0,-1,1,0.15,0.05,0.1,0,0.65,0.45,0,0
315,2981,1,20,159,1,10,1828,31,0,0.0,0,0,0,0,0,0,0,0,1,19,0,-1,1,0.15,0.05,0.1,0,0.65,0.45,0,0
316,2980,2,20,159,1,10,1828,32,1,0.03333333333333333,1,0,1,0,0,0,0,0,1,19,0,-1,1,0.15,0.05,0.1,0,0.65,0.45,0,0
317,2979,3,20,159,1,10,1828,33,1,0.03333333333333333,0,1,1,0,0,0,0,0,1,19,0,-1,1,0.15,0.05,0.1,0,0.65,0.45,0,0
318,2979,3,20,159,1,10,1828,33,0,0.0,0,0,0,0,0,0,0,0,1,19,0,-1,1,0.15,0.05,0.1,0,0.65,0.45,0,0
319,2979,3,20,159,1,10,1828,33,0,0.0,0,0,0,0,0,0,18,1,1,19,0,-1,1,0.15,0.05,0.1,0,0.65,0.45,0,0
320,2979,3,20,159,1,10,1828,33,0,0.0,0,0,0,0,0,0,20,0,1,19,0,-1,1,0.15,0.05,0.1,0,0.65,0.45,0,0
321,2979,3,20,160,1,9,1828,32,0,0.0,0,0,0,0,0,0,22,0,1,19,0,-1,1,0.15,0.05,0.1,0,0.65,0.45,0,0
322,2979,3,20,160,1,9,1828,32,0,0.0,0,0,0,0,0,0,13,0,1,19,0,-1,1,0.15,0.05,0.1,0,0.65,0.45,0,0
323,2979,3,20,161,1,8,1828,31,0,0.0,0,0,0,0,0,0,7,0,1,19,0,-1,1,0.15,0.05,0.1,0,0.65,0.45,0,0
324,2979,3,20,162,1,7,1828,30,0,0.0,0,0,0,0,0,0,9,0,1,19,0,-1,1,0.15,0.05,0.1,0,0.65,0.45,0,0
325,2979,3,20,162,1,7,1828,30,0,0.0,0,0,0,0,0,0,15,0,1,19,0,-1,1,0.15,0.05,0.1,0,0.65,0.45,0,0
326,2979,3,19,163,1,7,1828,29,0,0.0,0,0,0,0,0,0,13,0,1,18,0,-1,1,0.15,0.05,0.1,0,0.65,0.45,0,0
327,2979,3,19,164,1,6,1828,28,0,0.0,0,0,0,0,0,0,15,0,1,18,0,-1,1,0.15,0.05,0.1,0,0.65,0.45,0,0
328,2979,3,19,164,1,6,1828,28,0,0.0,0,0,0,0,0,0,17,0,1,18,0,-1,1,0.15,0.05,0.1,0,0.65,0.45,0,0
329,2979,3,18,165,1,6,1828,27,0,0.0,0,0,0,0,0,0,0,0,1,17,0,-1,1,0.15,0.05,0.1,0,0.65,0.45,0,0
330,2978,4,17,166,1,6,1828,27,1,0.043478260869565216,0,1,1,0,0,0,0,1,1,16,0,-1,1,0.15,0.05,0.1,0,0.65,0.45,0,0
331,2978,4,17,166,1,6,1828,27,0,0.0,0,0,0,0,0,0,0,0,1,16,0,-1,1,0.15,0.05,0.1,0,0.65,0.45,0,0
332,2978,4,17,166,1,6,1828,27,0,0.0,0,0,0,0,0,0,0,0,1,16,0,-1,1,0.15,0.05,0.1,0,0.65,0.45,0,0
333,2978,4,17,166,1,6,1828,27,0,0.0,0,0,0,0,0,0,0,0,1,16,0,-1,1,0.15,0.05,0.1,0,0.65,0.45,0,0
334,2978,4,17,166,1,6,1828,27,0,0.0,0,0,0,0,0,0,0,0,1,16,0,-1,1,0.15,0.05,0.1,0,0.65,0.45,0,0
335,2978,3,16,167,1,7,1828,26,0,0.0,0,0,0,0,0,0,0,0,1,15,0,-1,1,0.15,0.05,0.1,0,0.65,0.45,0,0
336,2978,3,16,167,1,7,1828,26,0,0.0,0,0,0,0,0,0,0,0,1,15,0,-1,1,0.15,0.05,0.1,0,0.65,0.45,0,0
337,2978,3,15,168,1,7,1828,25,0,0.0,0,0,0,0,0,0,0,0,1,14,0,-1,1,0.15,0.05,0.1,0,0.65,0.45,0,0
338,2978,3,14,169,1,7,1828,24,0,0.0,0,0,0,0,0,0,0,0,1,13,0,-1,1,0.15,0.05,0.1,0,0.65,0.45,0,0
339,2978,3,13,170,1,7,1828,23,0,0.0,0,0,0,0,0,0,10,0,1,12,0,-1,1,0.15,0.05,0.1,0,0.65,0.45,0,0
340,2978,3,13,170,1,7,1828,23,0,0.0,0,0,0,0,0,0,8,0,1,12,0,-1,1,0.15,0.05,0.1,0,0.65,0.45,0,0
341,2978,3,12,171,1,7,1828,22,0,0.0,0,0,0,0,0,0,17,0,1,11,0,-1,1,0.15,0.05,0.1,0,0.65,0.45,0,0
342,2978,3,12,171,1,7,1828,22,0,0.0,0,0,0,0,0,0,15,0,1,11,0,-1,1,0.15,0.05,0.1,0,0.65,0.45,0,0
343,2978,3,12,171,1,7,1828,22,0,0.0,0,0,0,0,0,0,11,0,1,11,0,-1,1,0.15,0.05,0.1,0,0.65,0.45,0,0
344,2978,3,11,173,1,6,1828,20,0,0.0,0,0,0,0,0,0,7,0,1,10,0,-1,1,0.15,0.05,0.1,0,0.65,0.45,0,0
345,2978,3,10,174,1,6,1828,19,0,0.0,0,0,0,0,0,0,7,0,1,9,0,-1,1,0.15,0.05,0.1,0,0.65,0.45,0,0
346,2978,3,10,174,1,6,1828,19,0,0.0,0,0,0,0,0,0,15,0,1,9,0,-1,1,0.15,0.05,0.1,0,0.65,0.45,0,0
347,2978,3,10,174,1,6,1828,19,0,0.0,0,0,0,0,0,0,2,0,1,9,0,-1,1,0.15,0.05,0.1,0,0.65,0.45,0,0
348,2978,3,9,175,1,6,1828,18,0,0.0,0,0,0,0,0,0,11,0,1,8,0,-1,1,0.15,0.05,0.1,0,0.65,0.45,0,0
349,2978,3,8,176,1,6,1828,17,0,0.0,0,0,0,0,0,0,0,0,1,7,0,-1,1,0.15,0.05,0.1,0,0.65,0.45,0,0
350,2978,3,8,176,1,6,1828,17,0,0.0,0,0,0,0,0,0,0,0,1,7,0,-1,1,0.15,0.05,0.1,0,0.65,0.45,0,0
351,2978,3,8,176,1,6,1828,17,0,0.0,0,0,0,0,0,0,0,0,1,7,0,-1,1,0.15,0.05,0.1,0,0.65,0.45,0,0
352,2978,3,8,176,1,6,1828,17,0,0.0,0,0,0,0,0,0,0,1,1,7,0,-1,1,0.15,0.05,0.1,0,0.65,0.45,0,0
353,2978,3,8,178,1,4,1828,15,0,0.0,0,0,0,0,0,0,0,0,1,7,0,-1,1,0.15,0.05,0.1,0,0.65,0.45,0,0
354,2978,3,7,179,1,4,1828,14,0,0.0,0,0,0,0,0,0,0,0,0,7,0,-1,1,0.15,0.05,0.1,0,0.65,0.45,0,0
355,2978,2,8,179,1,4,1828,14,0,0.0,0,0,0,0,0,0,0,0,0,8,0,-1,1,0.15,0.05,0.1,0,0.65,0.45,0,0
356,2978,2,6,181,1,4,1828,12,0,0.0,0,0,0,0,0,0,0,0,0,6,0,-1,1,0.15,0.05,0.1,0,0.65,0.45,0,0
357,2978,1,6,182,1,4,1828,11,0,0.0,0,0,0,0,0,0,0,0,0,6,0,-1,1,0.15,0.05,0.1,0,0.65,0.45,0,0
358,2977,2,6,182,1,4,1828,12,1,0.1,0,1,1,0,0,0,0,0,0,6,0,-1,1,0.15,0.05,0.1,0,0.65,0.45,0,0
359,2977,2,6,182,1,4,1828,12,0,0.0,0,0,0,0,0,0,3,0,0,6,0,-1,1,0.15,0.05,0.1,0,0.65,0.45,0,0
360,2977,2,6,182,1,4,1828,12,0,0.0,0,0,0,0,0,0,4,0,0,6,0,-1,1,0.15,0.05,0.1,0,0.65,0.45,0,0
361,2977,2,5,183,1,4,1828,11,0,0.0,0,0,0,0,0,0,7,0,0,5,0,-1,1,0.15,0.05,0.1,0,0.65,0.45,0,0
362,2977,2,5,183,1,4,1828,11,0,0.0,0,0,0,0,0,0,6,0,0,5,0,-1,1,0.15,0.05,0.1,0,0.65,0.45,0,0
363,2977,2,5,183,1,4,1828,11,0,0.0,0,0,0,0,0,0,4,0,0,5,0,-1,1,0.15,0.05,0.1,0,0.65,0.45,0,0
364,2977,2,5,184,1,3,1828,10,0,0.0,0,0,0,0,0,0,6,0,0,5,0,-1,1,0.15,0.05,0.1,0,0.65,0.45,0,0
365,2977,2,4,185,1,3,1828,9,0,0.0,0,0,0,0,0,0,2,0,0,4,0,-1,0,0.15,0.05,0.1,0,0.65,1.0,0,0
366,2977,2,4,185,1,3,1828,9,0,0.0,0,0,0,0,0,0,3,0,0,4,0,-1,0,0.15,0.05,0.1,0,0.65,1.0,0,0
367,2977,2,4,185,1,3,1828,9,0,0.0,0,0,0,0,0,0,6,0,0,4,0,-1,0,0.15,0.05,0.1,0,0.65,1.0,0,0
368,2977,2,4,185,1,3,1828,9,0,0.0,0,0,0,0,0,0,2,0,0,4,0,-1,0,0.15,0.05,0.1,0,0.65,1.0,0,0
369,2977,1,5,185,1,3,1828,9,0,0.0,0,0,0,0,0,0,0,0,0,5,0,-1,0,0.15,0.05,0.1,0,0.65,1.0,0,0
370,2977,1,5,185,1,3,1828,9,0,0.0,0,0,0,0,0,0,0,0,0,5,0,-1,0,0.15,0.05,0.1,0,0.65,1.0,0,0
371,2977,1,5,185,1,3,1828,9,0,0.0,0,0,0,0,0,0,0,0,0,5,0,-1,0,0.15,0.05,0.1,0,0.65,1.0,0,0
372,2977,1,5,185,1,3,1828,9,0,0.0,0,0,0,0,0,0,0,0,0,5,0,-1,0,0.15,0.05,0.1,0,0.65,1.0,0,0
373,2977,1,5,185,1,3,1828,9,0,0.0,0,0,0,0,0,0,0,0,0,5,0,-1,0,0.15,0.05,0.1,0,0.65,1.0,0,0
374,2977,1,5,185,1,3,1828,9,0,0.0,0,0,0,0,0,0,0,0,0,5,0,-1,0,0.15,0.05,0.1,0,0.65,1.0,0,0
375,2977,1,5,185,1,3,1828,9,0,0.0,0,0,0,0,0,0,0,0,0,5,0,-1,0,0.15,0.05,0.1,0,0.65,1.0,0,0
376,2977,1,5,186,1,2,1828,8,0,0.0,0,0,0,0,0,0,0,0,0,5,0,-1,0,0.15,0.05,0.1,0,0.65,1.0,0,0
377,2977,1,4,187,1,2,1828,7,0,0.0,0,0,0,0,0,0,0,0,0,4,0,-1,0,0.15,0.05,0.1,0,0.65,1.0,0,0
378,2977,1,4,187,1,2,1828,7,0,0.0,0,0,0,0,0,0,0,0,0,4,0,-1,0,0.15,0.05,0.1,0,0.65,1.0,0,0
379,2977,1,4,187,1,2,1828,7,0,0.0,0,0,0,0,0,0,2,0,0,4,0,-1,0,0.15,0.05,0.1,0,0.65,1.0,0,0
380,2977,1,4,187,1,2,1828,7,0,0.0,0,0,0,0,0,0,2,0,0,4,0,-1,0,0.15,0.05,0.1,0,0.65,1.0,0,0
381,2977,1,4,187,1,2,1828,7,0,0.0,0,0,0,0,0,0,3,0,0,4,0,-1,0,0.15,0.05,0.1,0,0.65,1.0,0,0
382,2977,1,4,187,1,2,1828,7,0,0.0,0,0,0,0,0,0,4,0,0,4,0,-1,0,0.15,0.05,0.1,0,0.65,1.0,0,0
383,2977,1,4,187,1,2,1828,7,0,0.0,0,0,0,0,0,0,2,0,0,4,0,-1,0,0.15,0.05,0.1,0,0.65,1.0,0,0
384,2977,1,4,187,1,2,1828,7,0,0.0,0,0,0,0,0,0,3,0,0,4,0,-1,0,0.15,0.05,0.1,0,0.65,1.0,0,0
385,2977,1,4,187,1,2,1828,7,0,0.0,0,0,0,0,0,0,4,0,0,4,0,-1,0,0.15,0.05,0.1,0,0.65,1.0,0,0
386,2977,1,4,187,1,2,1828,7,0,0.0,0,0,0,0,0,0,4,0,0,4,0,-1,0,0.15,0.05,0.1,0,0.65,1.0,0,0
387,2977,1,4,187,1,2,1828,7,0,0.0,0,0,0,0,0,0,3,0,0,4,0,-1,0,0.15,0.05,0.1,0,0.65,1.0,0,0
388,2977,1,4,187,1,2,1828,7,0,0.0,0,0,0,0,0,0,4,0,0,4,0,-1,0,0.15,0.05,0.1,0,0.65,1.0,0,0
389,2977,1,4,187,1,2,1828,7,0,0.0,0,0,0,0,0,0,0,0,0,4,0,-1,0,0.15,0.05,0.1,0,0.65,1.0,0,0
390,2977,1,4,187,1,2,1828,7,0,0.0,0,0,0,0,0,0,0,0,0,4,0,-1,0,0.15,0.05,0.1,0,0.65,1.0,0,0
391,2977,1,4,188,1,1,1828,6,0,0.0,0,0,0,0,0,0,0,0,0,4,0,-1,0,0.15,0.05,0.1,0,0.65,1.0,0,0
392,2977,1,4,188,1,1,1828,6,0,0.0,0,0,0,0,0,0,0,0,0,4,0,-1,0,0.15,0.05,0.1,0,0.65,1.0,0,0
393,2977,1,4,188,1,1,1828,6,0,0.0,0,0,0,0,0,0,0,0,0,4,0,-1,0,0.15,0.05,0.1,0,0.65,1.0,0,0
394,2977,1,4,188,1,1,1828,6,0,0.0,0,0,0,0,0,0,0,0,0,4,0,-1,0,0.15,0.05,0.1,0,0.65,1.0,0,0
395,2977,1,4,188,1,1,1828,6,0,0.0,0,0,0,0,0,0,0,0,0,4,0,-1,0,0.15,0.05,0.1,0,0.65,1.0,0,0
396,2977,1,4,188,1,1,1828,6,0,0.0,0,0,0,0,0,0,0,0,0,4,0,-1,0,0.15,0.05,0.1,0,0.65,1.0,0,0
397,2977,1,4,188,1,1,1828,6,0,0.0,0,0,0,0,0,0,0,0,0,4,0,-1,0,0.15,0.05,0.1,0,0.65,1.0,0,0
398,2977,0,5,188,1,1,1828,6,0,0.0,0,0,0,0,0,0,0,0,0,5,0,-1,0,0.15,0.05,0.1,0,0.65,1.0,0,0
399,2977,0,5,188,1,1,1828,6,0,0.0,0,0,0,0,0,0,1,0,0,5,0,-1,0,0.15,0.05,0.1,0,0.65,1.0,0,0
400,2977,0,5,188,1,1,1828,6,0,0.0,0,0,0,0,0,0,3,0,0,5,0,-1,0,0.15,0.05,0.1,0,0.65,1.0,0,0
401,2977,0,5,188,1,1,1828,6,0,0.0,0,0,0,0,0,0,1,0,0,5,0,-1,0,0.15,0.05,0.1,0,0.65,1.0,0,0
402,2977,0,4,189,1,1,1828,5,0,0.0,0,0,0,0,0,0,0,0,0,4,0,-1,0,0.15,0.05,0.1,0,0.65,1.0,0,0
403,2977,0,4,189,1,1,1828,5,0,0.0,0,0,0,0,0,0,3,0,0,4,0,-1,0,0.15,0.05,0.1,0,0.65,1.0,0,0
404,2977,0,4,189,1,1,1828,5,0,0.0,0,0,0,0,0,0,1,0,0,4,0,-1,0,0.15,0.05,0.1,0,0.65,1.0,0,0
405,2977,0,4,189,1,1,1828,5,0,0.0,0,0,0,0,0,0,2,0,0,4,0,-1,0,0.15,0.05,0.1,0,0.65,1.0,0,0
406,2977,0,4,189,1,1,1828,5,0,0.0,0,0,0,0,0,0,0,0,0,4,0,-1,0,0.15,0.05,0.1,0,0.65,1.0,0,0
407,2977,0,4,189,1,1,1828,5,0,0.0,0,0,0,0,0,0,1,0,0,4,0,-1,0,0.15,0.05,0.1,0,0.65,1.0,0,0
408,2977,0,4,189,1,1,1828,5,0,0.0,0,0,0,0,0,0,1,0,0,4,0,-1,0,0.15,0.05,0.1,0,0.65,1.0,0,0
409,2977,0,4,189,1,1,1828,5,0,0.0,0,0,0,0,0,0,0,0,0,4,0,-1,0,0.15,0.05,0.1,0,0.65,1.0,0,0
410,2977,0,4,189,1,1,1828,5,0,0.0,0,0,0,0,0,0,0,0,0,4,0,-1,0,0.15,0.05,0.1,0,0.65,1.0,0,0
411,2977,0,4,189,1,1,1828,5,0,0.0,0,0,0,0,0,0,0,0,0,4,0,-1,0,0.15,0.05,0.1,0,0.65,1.0,0,0
412,2977,0,4,189,1,1,1828,5,0,0.0,0,0,0,0,0,0,0,0,0,4,0,-1,0,0.15,0.05,0.1,0,0.65,1.0,0,0
413,2977,0,4,189,1,1,1828,5,0,0.0,0,0,0,0,0,0,0,0,0,4,0,-1,0,0.15,0.05,0.1,0,0.65,1.0,0,0
414,2977,0,4,189,1,1,1828,5,0,0.0,0,0,0,0,0,0,0,0,0,4,0,-1,0,0.15,0.05,0.1,0,0.65,1.0,0,0
415,2977,0,4,189,1,1,1828,5,0,0.0,0,0,0,0,0,0,0,0,0,4,0,-1,0,0.15,0.05,0.1,0,0.65,1.0,0,0
416,2977,0,4,189,1,1,1828,5,0,0.0,0,0,0,0,0,0,0,0,0,4,0,-1,0,0.15,0.05,0.1,0,0.65,1.0,0,0
417,2977,0,4,189,1,1,1828,5,0,0.0,0,0,0,0,0,0,0,0,0,4,0,-1,0,0.15,0.05,0.1,0,0.65,1.0,0,0
418,2977,0,4,189,1,1,1828,5,0,0.0,0,0,0,0,0,0,0,0,0,4,0,-1,0,0.15,0.05,0.1,0,0.65,1.0,0,0
419,2976,1,4,189,1,1,1828,6,1,0.2,1,0,1,0,0,0,3,0,0,4,0,-1,0,0.15,0.05,0.1,0,0.65,1.0,0,0
420,2976,1,4,189,1,1,1828,6,0,0.0,0,0,0,0,0,0,5,0,0,4,0,-1,0,0.15,0.05,0.1,0,0.65,1.0,0,0
421,2976,1,4,189,1,1,1828,6,0,0.0,0,0,0,0,0,0,3,0,0,4,0,-1,0,0.15,0.05,0.1,0,0.65,1.0,0,0
422,2976,1,4,189,1,1,1828,6,0,0.0,0,0,0,0,0,0,2,0,0,4,0,-1,0,0.15,0.05,0.1,0,0.65,1.0,0,0
423,2976,1,4,189,1,1,1828,6,0,0.0,0,0,0,0,0,0,2,0,0,4,0,-1,0,0.15,0.05,0.1,0,0.65,1.0,0,0
424,2976,1,4,189,1,1,1828,6,0,0.0,0,0,0,0,0,0,2,0,0,4,0,-1,0,0.15,0.05,0.1,0,0.65,1.0,0,0
425,2976,1,4,190,1,0,1828,5,0,0.0,0,0,0,0,0,0,1,0,0,4,0,-1,0,0.15,0.05,0.1,0,0.65,1.0,0,0
426,2976,1,4,190,1,0,1828,5,0,0.0,0,0,0,0,0,0,0,0,0,4,0,-1,0,0.15,0.05,0.1,0,0.65,1.0,0,0
427,2976,1,4,190,1,0,1828,5,0,0.0,0,0,0,0,0,0,0,0,0,4,0,-1,0,0.15,0.05,0.1,0,0.65,1.0,0,0
428,2976,1,4,190,1,0,1828,5,0,0.0,0,0,0,0,0,0,0,0,0,4,0,-1,0,0.15,0.05,0.1,0,0.65,1.0,0,0
429,2976,1,4,190,1,0,1828,5,0,0.0,0,0,0,0,0,0,0,0,0,4,0,-1,0,0.15,0.05,0.1,0,0.65,1.0,0,0
430,2976,1,4,190,1,0,1828,5,0,0.0,0,0,0,0,0,0,0,0,0,4,0,-1,0,0.15,0.05,0.1,0,0.65,1.0,0,0
431,2976,1,4,190,1,0,1828,5,0,0.0,0,0,0,0,0,0,0,0,0,4,0,-1,0,0.15,0.05,0.1,0,0.65,1.0,0,0
432,2976,1,4,190,1,0,1828,5,0,0.0,0,0,0,0,0,0,0,0,0,4,0,-1,0,0.15,0.05,0.1,0,0.65,1.0,0,0
433,2976,1,4,190,1,0,1828,5,0,0.0,0,0,0,0,0,0,0,0,0,4,0,-1,0,0.15,0.05,0.1,0,0.65,1.0,0,0
434,2976,1,4,190,1,0,1828,5,0,0.0,0,0,0,0,0,0,0,0,0,4,0,-1,0,0.15,0.05,0.1,0,0.65,1.0,0,0
435,2976,1,4,190,1,0,1828,5,0,0.0,0,0,0,0,0,0,0,0,0,4,0,-1,0,0.15,0.05,0.1,0,0.65,1.0,0,0
436,2976,1,4,190,1,0,1828,5,0,0.0,0,0,0,0,0,0,0,0,0,4,0,-1,0,0.15,0.05,0.1,0,0.65,1.0,0,0
437,2976,1,4,190,1,0,1828,5,0,0.0,0,0,0,0,0,0,0,0,0,4,0,-1,0,0.15,0.05,0.1,0,0.65,1.0,0,0
438,2976,1,4,190,1,0,1828,5,0,0.0,0,0,0,0,0,0,0,0,0,4,0,-1,0,0.15,0.05,0.1,0,0.65,1.0,0,0
439,2976,1,4,190,1,0,1828,5,0,0.0,0,0,0,0,0,0,3,0,0,4,0,-1,0,0.15,0.05,0.1,0,0.65,1.0,0,0
440,2976,1,4,190,1,0,1828,5,0,0.0,0,0,0,0,0,0,0,0,0,4,0,-1,0,0.15,0.05,0.1,0,0.65,1.0,0,0
441,2976,1,4,190,1,0,1828,5,0,0.0,0,0,0,0,0,0,3,0,0,4,0,-1,0,0.15,0.05,0.1,0,0.65,1.0,0,0
442,2976,1,4,190,1,0,1828,5,0,0.0,0,0,0,0,0,0,1,0,0,4,0,-1,0,0.15,0.05,0.1,0,0.65,1.0,0,0
443,2976,1,4,190,1,0,1828,5,0,0.0,0,0,0,0,0,0,1,0,0,4,0,-1,0,0.15,0.05,0.1,0,0.65,1.0,0,0
444,2976,1,4,190,1,0,1828,5,0,0.0,0,0,0,0,0,0,2,0,0,4,0,-1,0,0.15,0.05,0.1,0,0.65,1.0,0,0
445,2976,1,3,191,1,0,1828,4,0,0.0,0,0,0,0,0,0,0,0,0,3,0,-1,0,0.15,0.05,0.1,0,0.65,1.0,0,0
446,2976,1,3,191,1,0,1828,4,0,0.0,0,0,0,0,0,0,1,0,0,3,0,-1,0,0.15,0.05,0.1,0,0.65,1.0,0,0
447,2976,1,2,192,1,0,1828,3,0,0.0,0,0,0,0,0,0,1,0,0,2,0,-1,0,0.15,0.05,0.1,0,0.65,1.0,0,0
448,2976,1,2,192,1,0,1828,3,0,0.0,0,0,0,0,0,0,1,0,0,2,0,-1,0,0.15,0.05,0.1,0,0.65,1.0,0,0
449,2976,1,2,192,1,0,1828,3,0,0.0,0,0,0,0,0,0,0,0,0,2,0,-1,0,0.15,0.05,0.1,0,0.65,1.0,0,0
450,2976,1,2,192,1,0,1828,3,0,0.0,0,0,0,0,0,0,0,0,0,2,0,-1,0,0.15,0.05,0.1,0,0.65,1.0,0,0
451,2976,1,2,192,1,0,1828,3,0,0.0,0,0,0,0,0,0,0,0,0,2,0,-1,0,0.15,0.05,0.1,0,0.65,1.0,0,0
452,2976,1,2,192,1,0,1828,3,0,0.0,0,0,0,0,0,0,0,0,0,2,0,-1,0,0.15,0.05,0.1,0,0.65,1.0,0,0
453,2976,1,2,192,1,0,1828,3,0,0.0,0,0,0,0,0,0,0,0,0,2,0,-1,0,0.15,0.05,0.1,0,0.65,1.0,0,0
454,2976,1,2,192,1,0,1828,3,0,0.0,0,0,0,0,0,0,0,0,0,2,0,-1,0,0.15,0.05,0.1,0,0.65,1.0,0,0
455,2976,1,2,192,1,0,1828,3,0,0.0,0,0,0,0,0,0,0,0,0,2,0,-1,0,0.15,0.05,0.1,0,0.65,1.0,0,0
456,2976,1,2,192,1,0,1828,3,0,0.0,0,0,0,0,0,0,0,0,0,2,0,-1,0,0.15,0.05,0.1,0,0.65,1.0,0,0
457,2976,1,2,192,1,0,1828,3,0,0.0,0,0,0,0,0,0,0,0,0,2,0,-1,0,0.15,0.05,0.1,0,0.65,1.0,0,0
458,2975,1,3,192,1,0,1828,4,1,0.3333333333333333,0,1,1,0,0,0,0,0,0,3,0,-1,0,0.15,0.05,0.1,0,0.65,1.0,0,0
459,2975,1,2,193,1,0,1828,3,0,0.0,0,0,0,0,0,0,1,0,0,2,0,-1,0,0.15,0.05,0.1,0,0.65,1.0,0,0
460,2975,1,2,193,1,0,1828,3,0,0.0,0,0,0,0,0,0,0,0,0,2,0,-1,0,0.15,0.05,0.1,0,0.65,1.0,0,0
461,2975,1,2,193,1,0,1828,3,0,0.0,0,0,0,0,0,0,2,0,0,2,0,-1,0,0.15,0.05,0.1,0,0.65,1.0,0,0
462,2975,1,2,193,1,0,1828,3,0,0.0,0,0,0,0,0,0,2,0,0,2,0,-1,0,0.15,0.05,0.1,0,0.65,1.0,0,0
463,2975,1,2,193,1,0,1828,3,0,0.0,0,0,0,0,0,0,1,0,0,2,0,-1,0,0.15,0.05,0.1,0,0.65,1.0,0,0
464,2975,1,2,193,1,0,1828,3,0,0.0,0,0,0,0,0,0,1,0,0,2,0,-1,0,0.15,0.05,0.1,0,0.65,1.0,0,0
465,2975,1,2,193,1,0,1828,3,0,0.0,0,0,0,0,0,0,2,0,0,2,0,-1,0,0.15,0.05,0.1,0,0.65,1.0,0,0
466,2975,1,2,193,1,0,1828,3,0,0.0,0,0,0,0,0,0,0,0,0,2,0,-1,0,0.15,0.05,0.1,0,0.65,1.0,0,0
467,2975,1,2,193,1,0,1828,3,0,0.0,0,0,0,0,0,0,0,0,0,2,0,-1,0,0.15,0.05,0.1,0,0.65,1.0,0,0
468,2975,1,2,193,1,0,1828,3,0,0.0,0,0,0,0,0,0,0,0,0,2,0,-1,0,0.15,0.05,0.1,0,0.65,1.0,0,0
469,2975,1,2,193,1,0,1828,3,0,0.0,0,0,0,0,0,0,0,0,0,2,0,-1,0,0.15,0.05,0.1,0,0.65,1.0,0,0
470,2975,1,2,193,1,0,1828,3,0,0.0,0,0,0,0,0,0,0,0,0,2,0,-1,0,0.15,0.05,0.1,0,0.65,1.0,0,0
471,2975,1,2,193,1,0,1828,3,0,0.0,0,0,0,0,0,0,0,0,0,2,0,-1,0,0.15,0.05,0.1,0,0.65,1.0,0,0
472,2975,1,2,193,1,0,1828,3,0,0.0,0,0,0,0,0,0,0,0,0,2,0,-1,0,0.15,0.05,0.1,0,0.65,1.0,0,0
473,2975,1,2,193,1,0,1828,3,0,0.0,0,0,0,0,0,0,0,0,0,2,0,-1,0,0.15,0.05,0.1,0,0.65,1.0,0,0
474,2975,1,2,193,1,0,1828,3,0,0.0,0,0,0,0,0,0,0,0,0,2,0,-1,0,0.15,0.05,0.1,0,0.65,1.0,0,0
475,2975,1,2,193,1,0,1828,3,0,0.0,0,0,0,0,0,0,0,0,0,2,0,-1,0,0.15,0.05,0.1,0,0.65,1.0,0,0
476,2975,1,2,193,1,0,1828,3,0,0.0,0,0,0,0,0,0,0,0,0,2,0,-1,0,0.15,0.05,0.1,0,0.65,1.0,0,0
477,2975,1,2,193,1,0,1828,3,0,0.0,0,0,0,0,0,0,0,0,0,2,0,-1,0,0.15,0.05,0.1,0,0.65,1.0,0,0
478,2975,1,2,193,1,0,1828,3,0,0.0,0,0,0,0,0,0,0,0,0,2,0,-1,0,0.15,0.05,0.1,0,0.65,1.0,0,0
479,2975,1,2,193,1,0,1828,3,0,0.0,0,0,0,0,0,0,1,0,0,2,0,-1,0,0.15,0.05,0.1,0,0.65,1.0,0,0
480,2975,1,2,193,1,0,1828,3,0,0.0,0,0,0,0,0,0,0,0,0,2,0,-1,0,0.15,0.05,0.1,0,0.65,1.0,0,0
481,2975,1,2,193,1,0,1828,3,0,0.0,0,0,0,0,0,0,0,0,0,2,0,-1,0,0.15,0.05,0.1,0,0.65,1.0,0,0
482,2975,1,2,193,1,0,1828,3,0,0.0,0,0,0,0,0,0,0,0,0,2,0,-1,0,0.15,0.05,0.1,0,0.65,1.0,0,0
483,2975,1,2,193,1,0,1828,3,0,0.0,0,0,0,0,0,0,0,0,0,2,0,-1,0,0.15,0.05,0.1,0,0.65,1.0,0,0
484,2975,1,2,193,1,0,1828,3,0,0.0,0,0,0,0,0,0,0,0,0,2,0,-1,0,0.15,0.05,0.1,0,0.65,1.0,0,0
485,2975,1,2,193,1,0,1828,3,0,0.0,0,0,0,0,0,0,0,0,0,2,0,-1,0,0.15,0.05,0.1,0,0.65,1.0,0,0
486,2975,1,2,193,1,0,1828,3,0,0.0,0,0,0,0,0,0,0,0,0,2,0,-1,0,0.15,0.05,0.1,0,0.65,1.0,0,0
487,2975,1,2,193,1,0,1828,3,0,0.0,0,0,0,0,0,0,2,0,0,2,0,-1,0,0.15,0.05,0.1,0,0.65,1.0,0,0
488,2975,1,1,194,1,0,1828,2,0,0.0,0,0,0,0,0,0,0,0,0,1,0,-1,0,0.15,0.05,0.1,0,0.65,1.0,0,0
489,2975,1,1,194,1,0,1828,2,0,0.0,0,0,0,0,0,0,0,0,0,1,0,-1,0,0.15,0.05,0.1,0,0.65,1.0,0,0
490,2975,1,1,194,1,0,1828,2,0,0.0,0,0,0,0,0,0,0,0,0,1,0,-1,0,0.15,0.05,0.1,0,0.65,1.0,0,0
491,2975,1,1,194,1,0,1828,2,0,0.0,0,0,0,0,0,0,0,0,0,1,0,-1,0,0.15,0.05,0.1,0,0.65,1.0,0,0
492,2975,1,1,194,1,0,1828,2,0,0.0,0,0,0,0,0,0,0,0,0,1,0,-1,0,0.15,0.05,0.1,0,0.65,1.0,0,0
493,2975,1,1,194,1,0,1828,2,0,0.0,0,0,0,0,0,0,0,0,0,1,0,-1,0,0.15,0.05,0.1,0,0.65,1.0,0,0
494,2975,1,1,194,1,0,1828,2,0,0.0,0,0,0,0,0,0,0,0,0,1,0,-1,0,0.15,0.05,0.1,0,0.65,1.0,0,0
495,2975,1,1,194,1,0,1828,2,0,0.0,0,0,0,0,0,0,0,0,0,1,0,-1,0,0.15,0.05,0.1,0,0.65,1.0,0,0
496,2975,1,1,194,1,0,1828,2,0,0.0,0,0,0,0,0,0,0,0,0,1,0,-1,0,0.15,0.05,0.1,0,0.65,1.0,0,0
497,2975,1,1,194,1,0,1828,2,0,0.0,0,0,0,0,0,0,0,0,0,1,0,-1,0,0.15,0.05,0.1,0,0.65,1.0,0,0
498,2975,0,2,194,1,0,1828,2,0,0.0,0,0,0,0,0,0,0,0,0,2,0,-1,0,0.15,0.05,0.1,0,0.65,1.0,0,0
499,2975,0,2,194,1,0,1828,2,0,0.0,0,0,0,0,0,0,1,0,0,2,0,-1,0,0.15,0.05,0.1,0,0.65,1.0,0,0
500,2975,0,2,194,1,0,1828,2,0,0.0,0,0,0,0,0,0,0,0,0,2,0,-1,0,0.15,0.05,0.1,0,0.65,1.0,0,0
501,2975,0,2,194,1,0,1828,2,0,0.0,0,0,0,0,0,0,3,0,0,2,0,-1,0,0.15,0.05,0.1,0,0.65,1.0,0,0
502,2975,0,2,194,1,0,1828,2,0,0.0,0,0,0,0,0,0,4,0,0,2,0,-1,0,0.15,0.05,0.1,0,0.65,1.0,0,0
503,2975,0,2,194,1,0,1828,2,0,0.0,0,0,0,0,0,0,3,0,0,2,0,-1,0,0.15,0.05,0.1,0,0.65,1.0,0,0
504,2975,0,2,194,1,0,1828,2,0,0.0,0,0,0,0,0,0,0,0,0,2,0,-1,0,0.15,0.05,0.1,0,0.65,1.0,0,0
505,2975,0,2,194,1,0,1828,2,0,0.0,0,0,0,0,0,0,1,0,0,2,0,-1,0,0.15,0.05,0.1,0,0.65,1.0,0,0
506,2975,0,2,194,1,0,1828,2,0,0.0,0,0,0,0,0,0,0,0,0,2,0,-1,0,0.15,0.05,0.1,0,0.65,1.0,0,0
507,2975,0,2,194,1,0,1828,2,0,0.0,0,0,0,0,0,0,1,0,0,2,0,-1,0,0.15,0.05,0.1,0,0.65,1.0,0,0
508,2975,0,2,194,1,0,1828,2,0,0.0,0,0,0,0,0,0,0,0,0,2,0,-1,0,0.15,0.05,0.1,0,0.65,1.0,0,0
509,2975,0,2,194,1,0,1828,2,0,0.0,0,0,0,0,0,0,0,0,0,2,0,-1,0,0.15,0.05,0.1,0,0.65,1.0,0,0
510,2975,0,2,194,1,0,1828,2,0,0.0,0,0,0,0,0,0,0,0,0,2,0,-1,0,0.15,0.05,0.1,0,0.65,1.0,0,0
511,2975,0,2,194,1,0,1828,2,0,0.0,0,0,0,0,0,0,0,0,0,2,0,-1,0,0.15,0.05,0.1,0,0.65,1.0,0,0
512,2975,0,2,194,1,0,1828,2,0,0.0,0,0,0,0,0,0,0,0,0,2,0,-1,0,0.15,0.05,0.1,0,0.65,1.0,0,0
513,2975,0,2,194,1,0,1828,2,0,0.0,0,0,0,0,0,0,0,0,0,2,0,-1,0,0.15,0.05,0.1,0,0.65,1.0,0,0
514,2975,0,2,194,1,0,1828,2,0,0.0,0,0,0,0,0,0,0,0,0,2,0,-1,0,0.15,0.05,0.1,0,0.65,1.0,0,0
515,2975,0,2,194,1,0,1828,2,0,0.0,0,0,0,0,0,0,0,0,0,2,0,-1,0,0.15,0.05,0.1,0,0.65,1.0,0,0
516,2975,0,2,194,1,0,1828,2,0,0.0,0,0,0,0,0,0,0,0,0,2,0,-1,0,0.15,0.05,0.1,0,0.65,1.0,0,0
517,2975,0,2,194,1,0,1828,2,0,0.0,0,0,0,0,0,0,0,0,0,2,0,-1,0,0.15,0.05,0.1,0,0.65,1.0,0,0
518,2975,0,2,194,1,0,1828,2,0,0.0,0,0,0,0,0,0,0,0,0,2,0,-1,0,0.15,0.05,0.1,0,0.65,1.0,0,0
519,2975,0,2,194,1,0,1828,2,0,0.0,0,0,0,0,0,0,0,0,0,2,0,-1,0,0.15,0.05,0.1,0,0.65,1.0,0,0
520,2975,0,2,194,1,0,1828,2,0,0.0,0,0,0,0,0,0,1,0,0,2,0,-1,0,0.15,0.05,0.1,0,0.65,1.0,0,0
521,2975,0,2,194,1,0,1828,2,0,0.0,0,0,0,0,0,0,0,0,0,2,0,-1,0,0.15,0.05,0.1,0,0.65,1.0,0,0
522,2975,0,2,194,1,0,1828,2,0,0.0,0,0,0,0,0,0,3,0,0,2,0,-1,0,0.15,0.05,0.1,0,0.65,1.0,0,0
523,2975,0,2,194,1,0,1828,2,0,0.0,0,0,0,0,0,0,0,0,0,2,0,-1,0,0.15,0.05,0.1,0,0.65,1.0,0,0
524,2975,0,2,194,1,0,1828,2,0,0.0,0,0,0,0,0,0,1,0,0,2,0,-1,0,0.15,0.05,0.1,0,0.65,1.0,0,0
525,2975,0,2,194,1,0,1828,2,0,0.0,0,0,0,0,0,0,0,0,0,2,0,-1,0,0.15,0.05,0.1,0,0.65,1.0,0,0
526,2975,0,2,194,1,0,1828,2,0,0.0,0,0,0,0,0,0,2,0,0,2,0,-1,0,0.15,0.05,0.1,0,0.65,1.0,0,0
527,2975,0,2,194,1,0,1828,2,0,0.0,0,0,0,0,0,0,0,0,0,2,0,-1,0,0.15,0.05,0.1,0,0.65,1.0,0,0
528,2975,0,2,194,1,0,1828,2,0,0.0,0,0,0,0,0,0,1,0,0,2,0,-1,0,0.15,0.05,0.1,0,0.65,1.0,0,0
529,2975,0,2,194,1,0,1828,2,0,0.0,0,0,0,0,0,0,0,0,0,2,0,-1,0,0.15,0.05,0.1,0,0.65,1.0,0,0
530,2975,0,2,194,1,0,1828,2,0,0.0,0,0,0,0,0,0,0,0,0,2,0,-1,0,0.15,0.05,0.1,0,0.65,1.0,0,0
531,2975,0,2,194,1,0,1828,2,0,0.0,0,0,0,0,0,0,0,0,0,2,0,-1,0,0.15,0.05,0.1,0,0.65,1.0,0,0
532,2975,0,2,194,1,0,1828,2,0,0.0,0,0,0,0,0,0,0,0,0,2,0,-1,0,0.15,0.05,0.1,0,0.65,1.0,0,0
533,2975,0,2,194,1,0,1828,2,0,0.0,0,0,0,0,0,0,0,0,0,2,0,-1,0,0.15,0.05,0.1,0,0.65,1.0,0,0
534,2975,0,2,194,1,0,1828,2,0,0.0,0,0,0,0,0,0,0,0,0,2,0,-1,0,0.15,0.05,0.1,0,0.65,1.0,0,0
535,2975,0,2,194,1,0,1828,2,0,0.0,0,0,0,0,0,0,0,0,0,2,0,-1,0,0.15,0.05,0.1,0,0.65,1.0,0,0
536,2975,0,2,194,1,0,1828,2,0,0.0,0,0,0,0,0,0,0,0,0,2,0,-1,0,0.15,0.05,0.1,0,0.65,1.0,0,0
537,2975,0,2,194,1,0,1828,2,0,0.0,0,0,0,0,0,0,0,0,0,2,0,-1,0,0.15,0.05,0.1,0,0.65,1.0,0,0
538,2975,0,2,194,1,0,1828,2,0,0.0,0,0,0,0,0,0,0,0,0,2,0,-1,0,0.15,0.05,0.1,0,0.65,1.0,0,0
539,2975,0,2,194,1,0,1828,2,0,0.0,0,0,0,0,0,0,1,0,0,2,0,-1,0,0.15,0.05,0.1,0,0.65,1.0,0,0
540,2975,0,2,194,1,0,1828,2,0,0.0,0,0,0,0,0,0,0,0,0,2,0,-1,0,0.15,0.05,0.1,0,0.65,1.0,0,0
541,2975,0,2,194,1,0,1828,2,0,0.0,0,0,0,0,0,0,0,0,0,2,0,-1,0,0.15,0.05,0.1,0,0.65,1.0,0,0
542,2975,0,2,194,1,0,1828,2,0,0.0,0,0,0,0,0,0,0,0,0,2,0,-1,0,0.15,0.05,0.1,0,0.65,1.0,0,0
543,2975,0,2,194,1,0,1828,2,0,0.0,0,0,0,0,0,0,0,0,0,2,0,-1,0,0.15,0.05,0.1,0,0.65,1.0,0,0
544,2975,0,2,194,1,0,1828,2,0,0.0,0,0,0,0,0,0,0,0,0,2,0,-1,0,0.15,0.05,0.1,0,0.65,1.0,0,0
545,2975,0,2,194,1,0,1828,2,0,0.0,0,0,0,0,0,0,3,0,0,2,0,-1,0,0.15,0.05,0.1,0,0.65,1.0,0,0
546,2975,0,2,194,1,0,1828,2,0,0.0,0,0,0,0,0,0,2,0,0,2,0,-1,0,0.15,0.05,0.1,0,0.65,1.0,0,0
547,2975,0,2,194,1,0,1828,2,0,0.0,0,0,0,0,0,0,0,0,0,2,0,-1,0,0.15,0.05,0.1,0,0.65,1.0,0,0
548,2975,0,1,195,1,0,1828,1,0,0.0,0,0,0,0,0,0,1,0,0,1,0,-1,0,0.15,0.05,0.1,0,0.65,1.0,0,0
549,2975,0,1,195,1,0,1828,1,0,0.0,0,0,0,0,0,0,0,0,0,1,0,-1,0,0.15,0.05,0.1,0,0.65,1.0,0,0
550,2975,0,1,195,1,0,1828,1,0,0.0,0,0,0,0,0,0,0,0,0,1,0,-1,0,0.15,0.05,0.1,0,0.65,1.0,0,0
551,2975,0,1,195,1,0,1828,1,0,0.0,0,0,0,0,0,0,0,0,0,1,0,-1,0,0.15,0.05,0.1,0,0.65,1.0,0,0
552,2975,0,1,195,1,0,1828,1,0,0.0,0,0,0,0,0,0,0,0,0,1,0,-1,0,0.15,0.05,0.1,0,0.65,1.0,0,0
553,2975,0,1,195,1,0,1828,1,0,0.0,0,0,0,0,0,0,0,0,0,1,0,-1,0,0.15,0.05,0.1,0,0.65,1.0,0,0
554,2975,0,1,195,1,0,1828,1,0,0.0,0,0,0,0,0,0,0,0,0,1,0,-1,0,0.15,0.05,0.1,0,0.65,1.0,0,0
555,2975,0,1,195,1,0,1828,1,0,0.0,0,0,0,0,0,0,0,0,0,1,0,-1,0,0.15,0.05,0.1,0,0.65,1.0,0,0
556,2975,0,1,195,1,0,1828,1,0,0.0,0,0,0,0,0,0,0,0,0,1,0,-1,0,0.15,0.05,0.1,0,0.65,1.0,0,0
557,2975,0,1,195,1,0,1828,1,0,0.0,0,0,0,0,0,0,0,0,0,1,0,-1,0,0.15,0.05,0.1,0,0.65,1.0,0,0
558,2975,0,1,195,1,0,1828,1,0,0.0,0,0,0,0,0,0,0,0,0,1,0,-1,0,0.15,0.05,0.1,0,0.65,1.0,0,0
559,2975,0,1,195,1,0,1828,1,0,0.0,0,0,0,0,0,0,1,0,0,1,0,-1,0,0.15,0.05,0.1,0,0.65,1.0,0,0
560,2975,0,1,195,1,0,1828,1,0,0.0,0,0,0,0,0,0,1,0,0,1,0,-1,0,0.15,0.05,0.1,0,0.65,1.0,0,0
561,2975,0,1,195,1,0,1828,1,0,0.0,0,0,0,0,0,0,1,0,0,1,0,-1,0,0.15,0.05,0.1,0,0.65,1.0,0,0
562,2975,0,1,195,1,0,1828,1,0,0.0,0,0,0,0,0,0,0,0,0,1,0,-1,0,0.15,0.05,0.1,0,0.65,1.0,0,0
563,2975,0,1,195,1,0,1828,1,0,0.0,0,0,0,0,0,0,1,0,0,1,0,-1,0,0.15,0.05,0.1,0,0.65,1.0,0,0
564,2975,0,1,195,1,0,1828,1,0,0.0,0,0,0,0,0,0,1,0,0,1,0,-1,0,0.15,0.05,0.1,0,0.65,1.0,0,0
565,2975,0,1,195,1,0,1828,1,0,0.0,0,0,0,0,0,0,0,0,0,1,0,-1,0,0.15,0.05,0.1,0,0.65,1.0,0,0
566,2975,0,1,195,1,0,1828,1,0,0.0,0,0,0,0,0,0,1,0,0,1,0,-1,0,0.15,0.05,0.1,0,0.65,1.0,0,0
567,2975,0,1,195,1,0,1828,1,0,0.0,0,0,0,0,0,0,3,0,0,1,0,-1,0,0.15,0.05,0.1,0,0.65,1.0,0,0
568,2975,0,1,195,1,0,1828,1,0,0.0,0,0,0,0,0,0,0,0,0,1,0,-1,0,0.15,0.05,0.1,0,0.65,1.0,0,0
569,2975,0,1,195,1,0,1828,1,0,0.0,0,0,0,0,0,0,0,0,0,1,0,-1,0,0.15,0.05,0.1,0,0.65,1.0,0,0
570,2975,0,1,195,1,0,1828,1,0,0.0,0,0,0,0,0,0,0,0,0,1,0,-1,0,0.15,0.05,0.1,0,0.65,1.0,0,0
571,2975,0,1,195,1,0,1828,1,0,0.0,0,0,0,0,0,0,0,0,0,1,0,-1,0,0.15,0.05,0.1,0,0.65,1.0,0,0
572,2975,0,1,195,1,0,1828,1,0,0.0,0,0,0,0,0,0,0,0,0,1,0,-1,0,0.15,0.05,0.1,0,0.65,1.0,0,0
573,2975,0,1,195,1,0,1828,1,0,0.0,0,0,0,0,0,0,0,0,0,1,0,-1,0,0.15,0.05,0.1,0,0.65,1.0,0,0
574,2975,0,1,195,1,0,1828,1,0,0.0,0,0,0,0,0,0,0,0,0,1,0,-1,0,0.15,0.05,0.1,0,0.65,1.0,0,0
575,2975,0,1,195,1,0,1828,1,0,0.0,0,0,0,0,0,0,0,0,0,1,0,-1,0,0.15,0.05,0.1,0,0.65,1.0,0,0
576,2975,0,1,195,1,0,1828,1,0,0.0,0,0,0,0,0,0,0,0,0,1,0,-1,0,0.15,0.05,0.1,0,0.65,1.0,0,0
577,2975,0,1,195,1,0,1828,1,0,0.0,0,0,0,0,0,0,0,0,0,1,0,-1,0,0.15,0.05,0.1,0,0.65,1.0,0,0
578,2975,0,1,195,1,0,1828,1,0,0.0,0,0,0,0,0,0,0,0,0,1,0,-1,0,0.15,0.05,0.1,0,0.65,1.0,0,0
579,2975,0,1,195,1,0,1828,1,0,0.0,0,0,0,0,0,0,1,0,0,1,0,-1,0,0.15,0.05,0.1,0,0.65,1.0,0,0
580,2975,0,1,195,1,0,1828,1,0,0.0,0,0,0,0,0,0,1,0,0,1,0,-1,0,0.15,0.05,0.1,0,0.65,1.0,0,0
581,2975,0,1,195,1,0,1828,1,0,0.0,0,0,0,0,0,0,0,0,0,1,0,-1,0,0.15,0.05,0.1,0,0.65,1.0,0,0
582,2975,0,1,195,1,0,1828,1,0,0.0,0,0,0,0,0,0,0,0,0,1,0,-1,0,0.15,0.05,0.1,0,0.65,1.0,0,0
583,2975,0,1,195,1,0,1828,1,0,0.0,0,0,0,0,0,0,0,0,0,1,0,-1,0,0.15,0.05,0.1,0,0.65,1.0,0,0
584,2975,0,1,195,1,0,1828,1,0,0.0,0,0,0,0,0,0,0,0,0,1,0,-1,0,0.15,0.05,0.1,0,0.65,1.0,0,0
585,2975,0,1,195,1,0,1828,1,0,0.0,0,0,0,0,0,0,1,0,0,1,0,-1,0,0.15,0.05,0.1,0,0.65,1.0,0,0
586,2975,0,1,195,1,0,1828,1,0,0.0,0,0,0,0,0,0,3,0,0,1,0,-1,0,0.15,0.05,0.1,0,0.65,1.0,0,0
587,2975,0,1,195,1,0,1828,1,0,0.0,0,0,0,0,0,0,0,0,0,1,0,-1,0,0.15,0.05,0.1,0,0.65,1.0,0,0
588,2975,0,0,196,1,0,1828,0,0,0.0,0,0,0,0,0,0,0,0,0,0,0,-1,0,0.15,0.05,0.1,0,0.65,1.0,0,0
